Date,AAPL,AMZN,GLD,KO,TSLA,XOM
2023-01-03,123.09603118896484,85.81999969482422,171.05999755859375,57.1263542175293,108.0999984741211,95.43419647216797
2023-01-04,124.36565399169922,85.13999938964844,172.6699981689453,57.099124908447266,113.63999938964844,95.71196746826172
2023-01-05,123.04680633544922,83.12000274658203,170.52000427246094,56.445735931396484,110.33999633789062,97.85343170166016
2023-01-06,127.57420349121094,86.08000183105469,173.7100067138672,57.53472137451172,113.05999755859375,99.03616333007812
2023-01-09,128.09585571289062,87.36000061035156,174.10000610351562,56.81781005859375,119.7699966430664,97.19037628173828
2023-01-10,128.66665649414062,89.87000274658203,174.74000549316406,56.3822135925293,118.8499984741211,98.64191436767578
2023-01-11,131.3831329345703,95.08999633789062,174.6199951171875,56.273311614990234,123.22000122070312,99.78881072998047
2023-01-12,131.3043975830078,95.2699966430664,176.63999938964844,55.54732894897461,123.55999755859375,101.44644165039062
2023-01-13,132.63307189941406,98.12000274658203,178.75999450683594,55.746971130371094,122.4000015258789,101.38372802734375
2023-01-17,133.7944793701172,96.05000305175781,177.58999633789062,55.97383499145508,131.49000549316406,101.18660736083984
2023-01-18,133.0759735107422,95.45999908447266,177.0800018310547,54.2768440246582,128.77999877929688,99.10785675048828
2023-01-19,133.13507080078125,93.68000030517578,179.88999938964844,54.19517135620117,127.16999816894531,99.7440185546875
2023-01-20,135.6939697265625,97.25,179.2899932861328,54.52186584472656,133.4199981689453,101.56291198730469
2023-01-23,138.8828887939453,97.5199966430664,179.6300048828125,54.65798568725586,143.75,101.03426361083984
2023-01-24,140.28045654296875,96.31999969482422,180.27999877929688,54.94837951660156,143.88999938964844,101.97509002685547
2023-01-25,139.62100219726562,97.18000030517578,181.11000061035156,55.2932243347168,144.42999267578125,101.43748474121094
2023-01-26,141.68788146972656,99.22000122070312,179.47000122070312,55.18433380126953,160.27000427246094,105.51433563232422
2023-01-27,143.6267547607422,102.23999786376953,179.22000122070312,54.89393615722656,177.89999389648438,103.58789825439453
2023-01-30,140.74302673339844,100.55000305175781,178.75999450683594,55.030052185058594,166.66000366210938,101.7510757446289
2023-01-31,142.01268005371094,103.12999725341797,179.41000366210938,55.64714813232422,173.22000122070312,103.9463119506836
2023-02-01,143.13470458984375,105.1500015258789,181.6699981689453,55.656219482421875,181.41000366210938,102.80838012695312
2023-02-02,148.4396209716797,112.91000366210938,177.89999389648438,54.703365325927734,188.27000427246094,99.59169006347656
2023-02-03,152.0615234375,103.38999938964844,173.4600067138672,54.29499053955078,189.97999572753906,100.28162384033203
2023-02-06,149.33523559570312,102.18000030517578,173.82000732421875,54.60354232788086,194.75999450683594,100.11138153076172
2023-02-07,152.20916748046875,102.11000061035156,173.97999572753906,54.512786865234375,196.80999755859375,102.96965026855469
2023-02-08,149.52224731445312,100.05000305175781,174.41000366210938,54.19517135620117,201.2899932861328,102.07363891601562
2023-02-09,148.48883056640625,98.23999786376953,173.02999877929688,54.10441207885742,207.32000732421875,102.45893096923828
2023-02-10,148.85354614257812,97.61000061035156,173.36000061035156,54.10441207885742,196.88999938964844,106.77770233154297
2023-02-13,151.65296936035156,99.54000091552734,172.47999572753906,54.99375534057617,194.63999938964844,106.36235809326172
2023-02-14,151.0122833251953,99.69999694824219,172.61000061035156,54.07719802856445,209.25,105.11636352539062
2023-02-15,153.11183166503906,101.16000366210938,170.88999938964844,54.07719802856445,214.24000549316406,104.80033874511719
2023-02-16,151.51498413085938,98.1500015258789,170.75,53.741432189941406,202.0399932861328,104.49337005615234
2023-02-17,150.37155151367188,97.19999694824219,171.25999450683594,54.55815887451172,208.30999755859375,100.47542572021484
2023-02-21,146.3596649169922,94.58000183105469,170.6199951171875,54.26776123046875,197.3699951171875,100.3760986328125
2023-02-22,146.7835235595703,95.79000091552734,169.66000366210938,54.431114196777344,200.86000061035156,99.07591247558594
2023-02-23,147.2665252685547,95.81999969482422,169.57000732421875,54.53094482421875,202.07000732421875,99.98785400390625
2023-02-24,144.6149444580078,93.5,168.35000610351562,54.30406951904297,196.8800048828125,99.99688720703125
2023-02-27,145.80764770507812,93.76000213623047,169.00999450683594,54.285919189453125,207.6300048828125,99.81631469726562
2023-02-28,145.304931640625,94.2300033569336,169.77999877929688,54.00459671020508,205.7100067138672,99.23844146728516
2023-03-01,143.23495483398438,92.16999816894531,170.75999450683594,53.41472244262695,202.77000427246094,100.12328338623047
2023-03-02,143.8263702392578,92.12999725341797,170.66000366210938,54.19517135620117,190.89999389648438,100.5837631225586
2023-03-03,148.87322998046875,94.9000015258789,172.49000549316406,53.94106674194336,197.7899932861328,101.85685729980469
2023-03-06,151.63328552246094,93.75,171.6199951171875,54.775962829589844,193.80999755859375,102.75977325439453
2023-03-07,149.43511962890625,93.55000305175781,168.6199951171875,54.458335876464844,187.7100067138672,100.77338409423828
2023-03-08,150.6869659423828,93.91999816894531,168.5399932861328,54.48556900024414,182.0,99.30164337158203
2023-03-09,148.4395294189453,92.25,170.1999969482422,53.959224700927734,172.9199981689453,98.53417205810547
2023-03-10,146.3793487548828,90.7300033569336,173.8699951171875,53.73234558105469,173.44000244140625,97.31524658203125
2023-03-13,148.32125854492188,92.43000030517578,177.86000061035156,54.2768440246582,174.47999572753906,96.19564056396484
2023-03-14,150.41094970703125,94.87999725341797,176.8300018310547,54.47648620605469,183.25999450683594,96.55680847167969
2023-03-15,150.80526733398438,96.19999694824219,178.2100067138672,54.839481353759766,180.4499969482422,91.75334167480469
2023-03-16,153.6244354248047,100.04000091552734,178.57000732421875,55.14125442504883,184.1300048828125,91.22062683105469
2023-03-17,152.78656005859375,98.94999694824219,183.77000427246094,54.88520050048828,180.1300048828125,90.14617156982422
2023-03-20,155.15228271484375,97.70999908447266,183.83999633789062,55.415584564208984,183.25,92.50276184082031
2023-03-21,157.0054168701172,100.61000061035156,180.3699951171875,55.15953826904297,197.5800018310547,96.64708709716797
2023-03-22,155.576171875,98.69999694824219,183.44000244140625,54.91263961791992,191.14999389648438,94.43498229980469
2023-03-23,156.66043090820312,98.70999908447266,185.74000549316406,54.79376220703125,192.22000122070312,93.36956024169922
2023-03-24,157.9615936279297,98.12999725341797,183.64999389648438,55.68992614746094,190.41000366210938,93.4779052734375
2023-03-27,156.01971435546875,98.04000091552734,181.9499969482422,56.101417541503906,191.80999755859375,95.52749633789062
2023-03-28,155.3987579345703,97.23999786376953,183.44000244140625,56.165443420410156,189.19000244140625,96.71934509277344
2023-03-29,158.4741668701172,100.25,182.52999877929688,56.56779479980469,193.8800048828125,98.38066864013672
2023-03-30,160.04144287109375,102.0,184.17999267578125,56.55864715576172,195.27999877929688,98.85921478271484
2023-03-31,162.54518127441406,103.29000091552734,183.22000122070312,56.72325134277344,207.4600067138672,99.0127182006836
2023-04-03,163.7970428466797,102.41000366210938,184.5399932861328,57.061588287353516,194.77000427246094,104.85450744628906
2023-04-04,163.26475524902344,103.94999694824219,187.97999572753906,56.887847900390625,192.5800018310547,103.852294921875
2023-04-05,161.4214630126953,101.0999984741211,187.8300018310547,57.4273796081543,185.52000427246094,105.6310043334961
2023-04-06,162.3086395263672,102.05999755859375,186.49000549316406,57.46394729614258,185.05999755859375,103.87939453125
2023-04-10,159.7161865234375,102.16999816894531,185.11000061035156,57.326786041259766,184.50999450683594,103.41889953613281
2023-04-11,158.50375366210938,99.91999816894531,186.27999877929688,57.226200103759766,186.7899932861328,104.1502456665039
2023-04-12,157.81375122070312,97.83000183105469,187.19000244140625,57.326786041259766,180.5399932861328,104.04190826416016
2023-04-13,163.19577026367188,102.4000015258789,189.72000122070312,57.74742889404297,185.89999389648438,104.52947235107422
2023-04-14,162.8507537841797,102.51000213623047,186.36000061035156,57.65598678588867,185.0,104.78227996826172
2023-04-17,162.8704833984375,102.73999786376953,185.52999877929688,58.030906677246094,187.0399932861328,103.56336212158203
2023-04-18,164.09275817871094,102.30000305175781,186.25,58.12235641479492,184.30999755859375,105.58586883544922
2023-04-19,165.23622131347656,104.30000305175781,185.36000061035156,58.23208999633789,180.58999633789062,105.2518081665039
2023-04-20,164.2702178955078,103.80999755859375,186.08999633789062,58.48813247680664,162.99000549316406,104.41209411621094
2023-04-21,162.66346740722656,106.95999908447266,184.25,58.570438385009766,165.0800018310547,104.74617004394531
2023-04-24,162.9690704345703,106.20999908447266,184.80999755859375,58.47898864746094,162.5500030517578,106.72351837158203
2023-04-25,161.43133544921875,102.56999969482422,185.75,58.38754653930664,160.6699981689453,105.20664978027344
2023-04-26,161.4214630126953,104.9800033569336,184.74000549316406,58.11320877075195,153.75,104.24053955078125
2023-04-27,166.00506591796875,109.81999969482422,184.75,58.23208999633789,160.19000244140625,105.48655700683594
2023-04-28,167.2569122314453,105.44999694824219,184.8000030517578,58.66188430786133,164.30999755859375,106.84994506835938
2023-05-01,167.168212890625,102.05000305175781,183.97000122070312,58.799049377441406,161.8300018310547,103.5362777709961
2023-05-02,166.13319396972656,103.62999725341797,187.52000427246094,58.533851623535156,160.30999755859375,99.40998840332031
2023-05-03,165.05877685546875,103.6500015258789,189.11000061035156,58.20465850830078,160.61000061035156,97.45069122314453
2023-05-04,163.4224395751953,104.0,190.44000244140625,58.2686767578125,161.1999969482422,95.74418640136719
2023-05-05,171.09140014648438,105.66000366210938,187.4600067138672,58.543006896972656,170.05999755859375,98.12786102294922
2023-05-08,171.0223846435547,105.83000183105469,187.69000244140625,58.4515495300293,171.7899932861328,98.51611328125
2023-05-09,169.3170623779297,106.62000274658203,189.02000427246094,57.966896057128906,169.14999389648438,98.54320526123047
2023-05-10,171.08151245117188,110.19000244140625,188.75,58.0674934387207,168.5399932861328,97.27913665771484
2023-05-11,171.26878356933594,112.18000030517578,187.1300048828125,58.396690368652344,172.0800018310547,95.51846313476562
2023-05-12,170.3409423828125,110.26000213623047,186.80999755859375,58.625301361083984,167.97999572753906,95.50944519042969
2023-05-15,169.847412109375,111.19999694824219,187.2100067138672,58.4698486328125,166.35000610351562,95.69158172607422
2023-05-16,169.847412109375,113.4000015258789,184.8699951171875,57.81144714355469,166.52000427246094,93.36917877197266
2023-05-17,170.4593963623047,115.5,184.22999572753906,57.74742889404297,173.86000061035156,95.4638900756836
2023-05-18,172.78890991210938,118.1500015258789,181.83999633789062,57.4273796081543,176.88999938964844,96.3291015625
2023-05-19,172.89749145507812,116.25,183.63999938964844,57.454803466796875,180.13999938964844,96.77537536621094
2023-05-22,171.94992065429688,115.01000213623047,183.2100067138672,56.24773406982422,188.8699951171875,95.60050201416016
2023-05-23,169.343994140625,114.98999786376953,183.42999267578125,56.14714050292969,185.77000427246094,96.90287017822266
2023-05-24,169.62037658691406,116.75,181.9499969482422,55.671634674072266,182.89999389648438,97.98665618896484
2023-05-25,170.75552368164062,115.0,180.1999969482422,55.24183654785156,184.47000122070312,96.22891998291016
2023-05-26,173.16400146484375,120.11000061035156,180.9199981689453,55.104671478271484,193.1699981689453,95.60050201416016
2023-05-30,175.0098419189453,121.66000366210938,182.0399932861328,54.665740966796875,201.16000366210938,94.75352478027344
2023-05-31,174.9604949951172,120.58000183105469,182.32000732421875,54.555999755859375,203.92999267578125,93.0595474243164
2023-06-01,177.76382446289062,122.7699966430664,183.75999450683594,54.866912841796875,207.52000427246094,94.13421630859375
2023-06-02,178.6127166748047,124.25,181.0500030517578,55.92768096923828,213.97000122070312,96.31999969482422
2023-06-05,177.2603759765625,125.30000305175781,182.13999938964844,55.55274963378906,217.61000061035156,95.89193725585938
2023-06-06,176.89520263671875,126.61000061035156,182.33999633789062,55.150394439697266,221.30999755859375,96.67517852783203
2023-06-07,175.5231475830078,121.2300033569336,180.14999389648438,55.06809616088867,224.57000732421875,98.84274291992188
2023-06-08,178.2376251220703,124.25,182.52999877929688,55.205257415771484,234.86000061035156,98.53308868408203
2023-06-09,178.6226043701172,123.43000030517578,182.0399932861328,55.29670715332031,244.39999389648438,97.80449676513672
2023-06-12,181.41603088378906,126.56999969482422,181.8800048828125,55.05894470214844,249.8300018310547,96.92108154296875
2023-06-13,180.94219970703125,126.66000366210938,180.5399932861328,55.278419494628906,258.7099914550781,96.93930053710938
2023-06-14,181.57395935058594,126.41999816894531,180.63999938964844,55.653343200683594,256.7900085449219,95.7735595703125
2023-06-15,183.6073455810547,127.11000061035156,181.91000366210938,56.418113708496094,255.89999389648438,96.43838500976562
2023-06-16,182.53140258789062,125.48999786376953,181.6300048828125,56.82353591918945,260.5400085449219,95.74623107910156
2023-06-20,182.62025451660156,125.77999877929688,179.75,56.44575500488281,274.45001220703125,93.55133056640625
2023-06-21,181.5838165283203,124.83000183105469,179.49000549316406,56.60239028930664,259.4599914550781,94.59869384765625
2023-06-22,184.5845489501953,130.14999389648438,177.7100067138672,56.98938751220703,264.6099853515625,94.07958221435547
2023-06-23,184.26870727539062,129.3300018310547,178.1999969482422,56.390480041503906,256.6000061035156,93.25990295410156
2023-06-26,182.8769073486328,127.33000183105469,178.50999450683594,56.408905029296875,241.0500030517578,94.981201171875
2023-06-27,185.63087463378906,129.17999267578125,177.69000244140625,56.28912353515625,250.2100067138672,95.2179946899414
2023-06-28,186.80548095703125,129.0399932861328,177.27999877929688,55.763919830322266,256.239990234375,95.99212646484375
2023-06-29,187.14108276367188,127.9000015258789,177.08999633789062,55.30320358276367,257.5,97.17610168457031
2023-06-30,191.4645233154297,130.36000061035156,178.27000427246094,55.487491607666016,261.7699890136719,97.67699432373047
2023-07-03,189.97402954101562,130.22000122070312,178.47000122070312,55.81920623779297,279.82000732421875,97.86824798583984
2023-07-05,188.85862731933594,130.3800048828125,177.83999633789062,56.233829498291016,282.4800109863281,97.36734771728516
2023-07-06,189.33242797851562,128.36000061035156,177.30999755859375,55.80077362060547,276.5400085449219,93.73348999023438
2023-07-07,188.21701049804688,129.77999877929688,178.63999938964844,55.06364440917969,274.42999267578125,93.95207214355469
2023-07-10,186.1737518310547,127.12999725341797,178.77999877929688,54.64901351928711,269.6099853515625,95.34552001953125
2023-07-11,185.6505889892578,128.77999877929688,179.4499969482422,54.842498779296875,269.7900085449219,96.51124572753906
2023-07-12,187.3188018798828,130.8000030517578,181.8800048828125,55.137351989746094,271.989990234375,96.98482513427734
2023-07-13,188.0788116455078,134.3000030517578,182.00999450683594,55.607269287109375,277.8999938964844,95.2088851928711
2023-07-14,188.22689819335938,134.67999267578125,181.42999267578125,56.11405563354492,281.3800048828125,91.93022155761719
2023-07-17,191.48426818847656,133.55999755859375,181.55999755859375,56.031124114990234,290.3800048828125,92.33094024658203
2023-07-18,191.22760009765625,132.8300018310547,183.63999938964844,55.80998611450195,293.3399963378906,91.91201782226562
2023-07-19,192.57994079589844,135.36000061035156,183.6699981689453,56.79589080810547,291.260009765625,92.54954528808594
2023-07-20,190.63539123535156,129.9600067138672,182.74000549316406,57.48695373535156,262.8999938964844,94.17975616455078
2023-07-21,189.4607391357422,130.0,182.17999267578125,57.53302764892578,260.0199890136719,94.61690521240234
2023-07-24,190.26026916503906,128.8000030517578,181.39999389648438,57.551456451416016,269.05999755859375,96.10140991210938
2023-07-25,191.1190643310547,129.1300048828125,182.41000366210938,57.35795211791992,265.2799987792969,96.24713897705078
2023-07-26,191.9876708984375,128.14999389648438,183.3000030517578,58.09508514404297,264.3500061035156,95.70979309082031
2023-07-27,190.7242431640625,128.25,180.4199981689453,57.53302764892578,255.7100067138672,96.01033020019531
2023-07-28,193.3004913330078,132.2100067138672,181.86000061035156,57.569881439208984,266.44000244140625,94.86282348632812
2023-07-31,193.91250610351562,133.67999267578125,182.35000610351562,57.06310272216797,267.42999267578125,97.66788482666016
2023-08-01,193.08335876464844,131.69000244140625,180.4600067138672,56.915672302246094,261.07000732421875,97.10322570800781
2023-08-02,190.09249877929688,128.2100067138672,179.60000610351562,57.09074020385742,254.11000061035156,95.89193725585938
2023-08-03,188.7007293701172,128.91000366210938,179.5399932861328,56.79589080810547,259.32000732421875,97.5586166381836
2023-08-04,179.63925170898438,139.57000732421875,180.19000244140625,55.9389762878418,253.86000061035156,97.83182525634766
2023-08-07,176.5398406982422,142.22000122070312,179.77999877929688,56.38125991821289,251.4499969482422,97.63145446777344
2023-08-08,177.47756958007812,139.94000244140625,178.63999938964844,56.13247299194336,249.6999969482422,98.11417388916016
2023-08-09,175.88836669921875,137.85000610351562,177.7899932861328,56.261478424072266,242.19000244140625,99.78080749511719
2023-08-10,175.6711883544922,138.55999755859375,177.60000610351562,56.13247299194336,245.33999633789062,100.29082489013672
2023-08-11,175.73049926757812,138.41000366210938,177.60000610351562,56.362823486328125,242.64999389648438,101.84819030761719
2023-08-14,177.3811492919922,140.57000732421875,177.05999755859375,56.095619201660156,239.75999450683594,101.93016052246094
2023-08-15,175.39442443847656,137.6699981689453,176.58999633789062,55.717838287353516,232.9600067138672,99.31326293945312
2023-08-16,174.524658203125,135.07000732421875,175.57000732421875,55.7270622253418,225.60000610351562,97.64212799072266
2023-08-17,171.98440551757812,133.97999572753906,175.3000030517578,55.846839904785156,219.22000122070312,99.53363800048828
2023-08-18,172.46875,133.22000122070312,175.3300018310547,56.160118103027344,215.49000549316406,101.03949737548828
2023-08-21,173.80311584472656,134.67999267578125,175.80999755859375,55.68098449707031,231.27999877929688,99.81828308105469
2023-08-22,175.17697143554688,134.25,176.10000610351562,55.34006118774414,233.19000244140625,99.2581787109375
2023-08-23,179.0219268798828,135.52000427246094,177.88999938964844,55.53356170654297,236.86000061035156,98.38587951660156
2023-08-24,174.33685302734375,131.83999633789062,177.85000610351562,55.386138916015625,230.0399932861328,97.65130615234375
2023-08-25,176.54098510742188,133.25999450683594,177.6199951171875,55.644134521484375,238.58999633789062,99.39591217041016
2023-08-28,178.1027069091797,133.13999938964844,178.1300048828125,55.80077362060547,238.82000732421875,100.23146057128906
2023-08-29,181.98716735839844,134.91000366210938,179.8699951171875,55.745487213134766,257.17999267578125,100.82829284667969
2023-08-30,185.47628784179688,135.07000732421875,180.32000732421875,55.717838287353516,256.8999938964844,101.810791015625
2023-08-31,185.6937255859375,138.00999450683594,180.02000427246094,55.12813186645508,258.0799865722656,102.09544372558594
2023-09-01,187.2653045654297,138.1199951171875,180.11000061035156,54.64901351928711,245.00999450683594,104.23485565185547
2023-09-05,187.50254821777344,137.27000427246094,178.63999938964844,54.197509765625,256.489990234375,104.24404907226562
2023-09-06,180.79119873046875,135.36000061035156,177.8300018310547,54.160648345947266,251.9199981689453,105.14388275146484
2023-09-07,175.50315856933594,137.85000610351562,178.02000427246094,53.74602127075195,251.49000549316406,104.62968444824219
2023-09-08,176.115966796875,138.22999572753906,178.0800018310547,53.74602127075195,248.5,106.1539077758789
2023-09-11,177.28233337402344,143.10000610351562,178.41000366210938,54.2527961730957,273.5799865722656,104.82252502441406
2023-09-12,174.2577667236328,141.22999572753906,177.49000549316406,53.7183723449707,267.4800109863281,107.88013458251953
2023-09-13,172.19198608398438,144.85000610351562,177.0800018310547,53.847373962402344,271.29998779296875,106.916015625
2023-09-14,173.70423889160156,144.72000122070312,177.1699981689453,54.29315948486328,276.0400085449219,108.82588195800781
2023-09-15,172.98269653320312,140.38999938964844,178.33999633789062,53.81022644042969,274.3900146484375,107.15475463867188
2023-09-18,175.90841674804688,139.97999572753906,179.38999938964844,54.144569396972656,265.2799987792969,108.01786804199219
2023-09-19,176.9956817626953,137.6300048828125,179.22000122070312,54.033119201660156,266.5,107.73322296142578
2023-09-20,173.4571533203125,135.2899932861328,179.35000610351562,54.27458190917969,262.5899963378906,106.87930297851562
2023-09-21,171.91522216796875,129.3300018310547,178.0500030517578,53.43873977661133,255.6999969482422,105.3734359741211
2023-09-22,172.76524353027344,129.1199951171875,178.6199951171875,53.49445724487305,244.8800048828125,105.53871154785156
2023-09-25,174.04029846191406,131.27000427246094,177.6999969482422,52.937225341796875,246.99000549316406,106.72321319580078
2023-09-26,169.968017578125,125.9800033569336,176.27999877929688,52.500728607177734,244.1199951171875,106.88846588134766
2023-09-27,168.45578002929688,125.9800033569336,174.10000610351562,51.96207046508789,240.5,110.36847686767578
2023-09-28,168.71275329589844,125.9800033569336,173.22999572753906,51.83205032348633,246.3800048828125,109.69818115234375
2023-09-29,169.22674560546875,127.12000274658203,171.4499969482422,51.989925384521484,250.22000122070312,107.96277618408203
2023-10-02,171.73728942871094,129.4600067138672,169.64999389648438,51.52556610107422,251.60000610351562,106.17227172851562
2023-10-03,170.4029541015625,124.72000122070312,169.16000366210938,50.96833419799805,246.52999877929688,106.35592651367188
2023-10-04,171.6483612060547,127.0,169.13999938964844,51.11692810058594,261.1600036621094,102.38008880615234
2023-10-05,172.8838653564453,125.95999908447266,168.8300018310547,48.64652633666992,260.04998779296875,100.07537078857422
2023-10-06,175.4340057373047,127.95999908447266,169.6999969482422,49.352352142333984,260.5299987792969,98.40423583984375
2023-10-09,176.91664123535156,128.25999450683594,172.82000732421875,49.11089324951172,259.6700134277344,101.8475112915039
2023-10-10,176.3235626220703,129.47999572753906,172.52999877929688,50.17891311645508,263.6199951171875,101.41596221923828
2023-10-11,177.7172088623047,131.8300018310547,173.7899932861328,49.8817253112793,262.989990234375,97.77985382080078
2023-10-12,178.61668395996094,132.3300018310547,173.25999450683594,49.045875549316406,258.8699951171875,97.76151275634766
2023-10-13,176.77822875976562,129.7899932861328,178.8300018310547,49.12017822265625,251.1199951171875,100.88340759277344
2023-10-16,176.6497344970703,132.5500030517578,177.9600067138672,49.62168502807617,253.9199981689453,100.95686340332031
2023-10-17,175.09793090820312,131.47000122070312,178.2899932861328,50.21607208251953,254.85000610351562,102.27906799316406
2023-10-18,173.80311584472656,128.1300048828125,180.8699951171875,50.19749450683594,242.67999267578125,103.71146392822266
2023-10-19,173.42750549316406,128.39999389648438,183.08999633789062,50.47610855102539,220.11000061035156,103.7757568359375
2023-10-20,170.87738037109375,125.16999816894531,183.58999633789062,50.68042755126953,211.99000549316406,101.99443817138672
2023-10-23,170.99598693847656,126.55999755859375,182.97000122070312,50.22535705566406,212.0800018310547,100.49774932861328
2023-10-24,171.43092346191406,128.55999755859375,182.9499969482422,51.67416000366211,216.52000427246094,99.52445220947266
2023-10-25,169.11801147460938,121.38999938964844,183.72000122070312,52.11994934082031,212.4199981689453,99.70809173583984
2023-10-26,164.956787109375,119.56999969482422,184.00999450683594,51.80418014526367,205.75999450683594,98.79906463623047
2023-10-27,166.2713623046875,127.73999786376953,186.14999389648438,51.30268096923828,207.3000030517578,96.916748046875
2023-10-30,168.31736755371094,132.7100067138672,185.10000610351562,52.1478157043457,197.36000061035156,97.21975708007812
2023-10-31,168.7918243408203,133.08999633789062,184.08999633789062,52.46358108520508,200.83999633789062,97.19220733642578
2023-11-01,171.95474243164062,137.0,183.50999450683594,52.41714096069336,205.66000366210938,96.99937438964844
2023-11-02,175.5130615234375,138.07000732421875,184.1199951171875,53.020809173583984,218.50999450683594,100.1855697631836
2023-11-03,174.60372924804688,138.60000610351562,184.7899932861328,52.69575881958008,219.9600067138672,98.96435546875
2023-11-06,177.15380859375,139.74000549316406,183.35000610351562,52.90937042236328,219.27000427246094,97.2105712890625
2023-11-07,179.71383666992188,142.7100067138672,182.58999633789062,53.10439682006836,222.17999267578125,95.68634796142578
2023-11-08,180.7714385986328,142.0800018310547,180.77000427246094,53.020809173583984,222.11000061035156,94.51104736328125
2023-11-09,180.29698181152344,140.60000610351562,181.49000549316406,52.6214599609375,209.97999572753906,94.53858184814453
2023-11-10,184.48348999023438,143.55999755859375,179.50999450683594,52.677188873291016,214.64999389648438,95.26397705078125
2023-11-13,182.89993286132812,142.58999633789062,180.50999450683594,52.87221145629883,223.7100067138672,96.26481628417969
2023-11-14,185.51280212402344,145.8000030517578,182.1199951171875,53.030094146728516,237.41000366210938,96.63546752929688
2023-11-15,186.07693481445312,143.1999969482422,181.63999938964844,53.13225555419922,242.83999633789062,96.05171203613281
2023-11-16,187.7594451904297,142.8300018310547,183.69000244140625,53.076541900634766,233.58999633789062,94.93978118896484
2023-11-17,187.7397003173828,145.17999267578125,183.6699981689453,53.17869186401367,234.3000030517578,97.25628662109375
2023-11-20,189.4815673828125,146.1300048828125,183.3699951171875,53.3087158203125,235.60000610351562,96.83006286621094
2023-11-21,188.67990112304688,143.89999389648438,185.35000610351562,53.8938102722168,241.1999969482422,96.7929916381836
2023-11-22,189.343017578125,146.7100067138672,184.55999755859375,54.256011962890625,234.2100067138672,96.37601470947266
2023-11-24,188.01681518554688,146.74000549316406,185.52000427246094,54.39532470703125,235.4499969482422,96.8949203491211
2023-11-27,187.83863830566406,147.72999572753906,186.77000427246094,54.29315948486328,236.0800018310547,96.32968139648438
2023-11-28,188.44236755371094,147.02999877929688,189.25999450683594,54.40460968017578,246.72000122070312,96.27409362792969
2023-11-29,187.4229736328125,146.32000732421875,189.5399932861328,54.07955551147461,244.13999938964844,94.82857513427734
2023-11-30,187.99697875976562,146.08999633789062,188.75,54.70675277709961,240.0800018310547,95.19922637939453
2023-12-01,189.2737274169922,147.02999877929688,192.00999450683594,54.893978118896484,238.8300018310547,95.4308853149414
2023-12-04,187.48233032226562,144.83999633789062,187.86000061035156,54.82844543457031,235.5800018310547,94.91197967529297
2023-12-05,191.43130493164062,146.8800048828125,187.14999389648438,54.912696838378906,238.72000122070312,93.06803894042969
2023-12-06,190.3426513671875,144.52000427246094,187.83999633789062,54.85653305053711,239.3699951171875,91.83563995361328
2023-12-07,192.27256774902344,146.8800048828125,188.14999389648438,54.98759078979492,242.63999938964844,91.1962890625
2023-12-08,193.69778442382812,147.4199981689453,185.63999938964844,54.86589050292969,243.83999633789062,92.24337768554688
2023-12-11,191.1937713623047,145.88999938964844,183.58999633789062,55.268428802490234,239.74000549316406,92.3082275390625
2023-12-12,192.70806884765625,147.47999572753906,183.49000549316406,55.6241455078125,237.00999450683594,90.85346221923828
2023-12-13,195.9246368408203,148.83999633789062,187.6300048828125,56.10157012939453,239.2899932861328,91.65960693359375
2023-12-14,196.0730743408203,147.4199981689453,188.72999572753906,55.268428802490234,251.0500030517578,94.1243667602539
2023-12-15,195.5386505126953,149.97000122070312,187.0,54.85653305053711,253.5,93.49427795410156
2023-12-18,193.87591552734375,154.07000732421875,187.85000610351562,55.24970245361328,252.0800018310547,94.1892318725586
2023-12-19,194.9151153564453,153.7899932861328,189.1300048828125,55.071842193603516,257.2200012207031,95.4308853149414
2023-12-20,192.82681274414062,152.1199951171875,188.10000610351562,53.929771423339844,247.13999938964844,93.83712005615234
2023-12-21,192.67832946777344,153.83999633789062,189.42999267578125,54.28550338745117,254.5,94.26336669921875
2023-12-22,191.60946655273438,153.4199981689453,190.27000427246094,54.594417572021484,252.5399932861328,94.4301528930664
2023-12-26,191.0651397705078,153.41000366210938,191.72000122070312,54.819091796875,256.6099853515625,94.64326477050781
2023-12-27,191.16409301757812,153.33999633789062,192.58999633789062,54.95950698852539,261.44000244140625,94.19850158691406
2023-12-28,191.58969116210938,153.3800048828125,191.47000122070312,54.9969482421875,253.17999267578125,92.83638763427734
2023-12-29,190.5504608154297,151.94000244140625,191.1699981689453,55.16545104980469,248.47999572753906,92.64180755615234
2024-01-02,183.73130798339844,149.92999267578125,190.72000122070312,55.998600006103516,248.4199981689453,94.84711456298828
2024-01-03,182.3555908203125,148.47000122070312,189.1300048828125,56.1296501159668,238.4499969482422,95.64400482177734
2024-01-04,180.03965759277344,144.57000732421875,189.32000732421875,55.94243240356445,237.92999267578125,94.81005859375
2024-01-05,179.31716918945312,145.24000549316406,189.35000610351562,55.85818099975586,237.49000549316406,95.09729766845703
2024-01-08,183.65213012695312,149.10000610351562,187.8699951171875,56.27007293701172,240.4499969482422,93.5128173828125
2024-01-09,183.23643493652344,151.3699951171875,187.92999267578125,56.16709899902344,234.9600067138672,92.35455322265625
2024-01-10,184.2756805419922,153.72999572753906,187.5,56.35432052612305,233.94000244140625,91.44648742675781
2024-01-11,183.6818389892578,155.17999267578125,187.8699951171875,55.98924255371094,227.22000122070312,91.42794799804688
2024-01-12,184.0084228515625,154.6199951171875,189.7100067138672,56.53218460083008,218.88999938964844,92.61399841308594
2024-01-16,181.74195861816406,153.16000366210938,187.91000366210938,56.15774154663086,219.91000366210938,90.51988983154297
2024-01-17,180.80174255371094,151.7100067138672,185.83999633789062,56.15774154663086,215.5500030517578,89.86199951171875
2024-01-18,186.69058227539062,153.5,187.3699951171875,56.31687927246094,211.8800048828125,89.69519805908203
2024-01-19,189.5904541015625,155.33999633789062,187.92999267578125,56.007957458496094,212.19000244140625,89.83419036865234
2024-01-22,191.89649963378906,154.77999877929688,187.22000122070312,55.76457214355469,208.8000030517578,89.71373748779297
2024-01-23,193.17323303222656,156.02000427246094,187.9499969482422,56.02667999267578,209.13999938964844,90.72373962402344
2024-01-24,192.50021362304688,156.8699951171875,186.39999389648438,55.146728515625,207.8300018310547,92.28968811035156
2024-01-25,192.17361450195312,157.75,187.13999938964844,55.380760192871094,182.6300048828125,94.63400268554688
2024-01-26,190.44158935546875,159.1199951171875,187.00999450683594,55.57734680175781,183.25,95.44014739990234
2024-01-29,189.75868225097656,161.25999450683594,188.3300018310547,55.914344787597656,190.92999267578125,95.56060028076172
2024-01-30,186.10662841796875,159.0,188.58999633789062,56.073486328125,191.58999633789062,97.15437316894531
2024-01-31,182.50404357910156,155.1999969482422,188.4499969482422,55.68968200683594,187.2899932861328,95.26408386230469
2024-02-01,184.9387664794922,159.27999877929688,190.41000366210938,57.08449172973633,188.86000061035156,94.87492370605469
2024-02-02,183.9391326904297,171.80999755859375,188.61000061035156,56.672603607177734,187.91000366210938,94.48573303222656
2024-02-05,185.75030517578125,170.30999755859375,187.57000732421875,56.20454406738281,181.05999755859375,94.0965805053711
2024-02-06,187.3536834716797,169.14999389648438,188.5500030517578,56.110931396484375,185.10000610351562,94.74518585205078
2024-02-07,187.4625244140625,170.52999877929688,188.5,56.15774154663086,187.5800018310547,94.71739959716797
2024-02-08,186.38377380371094,169.83999633789062,188.3300018310547,56.007957458496094,189.55999755859375,96.33895874023438
2024-02-09,187.14683532714844,174.4499969482422,187.60000610351562,55.75520324707031,193.57000732421875,94.30042266845703
2024-02-12,185.46214294433594,172.33999633789062,187.11000061035156,55.886260986328125,188.1300048828125,95.59767150878906
2024-02-13,183.3711700439453,168.63999938964844,184.52999877929688,55.55862045288086,184.02000427246094,94.77467346191406
2024-02-14,182.48919677734375,170.97999572753906,184.4199981689453,55.50245666503906,188.7100067138672,94.30706787109375
2024-02-15,182.2018280029297,169.8000030517578,185.66000366210938,55.60542297363281,200.4499969482422,97.00984191894531
2024-02-16,180.665771484375,169.50999450683594,186.33999633789062,55.596065521240234,199.9499969482422,97.00984191894531
2024-02-20,179.9225616455078,167.0800018310547,187.47000122070312,56.822383880615234,193.75999450683594,96.09332275390625
2024-02-21,180.6757049560547,168.58999633789062,187.47999572753906,57.3278923034668,194.77000427246094,98.05728912353516
2024-02-22,182.70718383789062,174.5800018310547,187.55999755859375,57.243629455566406,197.41000366210938,97.97311401367188
2024-02-23,180.87387084960938,174.99000549316406,188.6199951171875,57.29044723510742,191.97000122070312,97.11271667480469
2024-02-26,179.52618408203125,174.72999572753906,188.1999969482422,56.83174133300781,199.39999389648438,97.49616241455078
2024-02-27,180.98291015625,173.5399932861328,188.0,56.48537826538086,199.72999572753906,97.2904052734375
2024-02-28,179.78378295898438,173.16000366210938,188.33999633789062,56.54154968261719,202.0399932861328,97.56161499023438
2024-02-29,179.11985778808594,176.75999450683594,189.30999755859375,56.18582534790039,201.8800048828125,97.74864196777344
2024-03-01,178.03970336914062,178.22000122070312,192.88999938964844,55.72712326049805,202.63999938964844,98.98314666748047
2024-03-04,173.5208282470703,177.5800018310547,196.00999450683594,55.98924255371094,188.13999938964844,97.59902954101562
2024-03-05,168.5857391357422,174.1199951171875,197.19000244140625,55.7177619934082,180.74000549316406,98.79609680175781
2024-03-06,167.59475708007812,173.50999450683594,198.80999755859375,55.745845794677734,176.5399932861328,99.8528823852539
2024-03-07,167.475830078125,176.82000732421875,199.94000244140625,55.64286804199219,178.64999389648438,100.41402435302734
2024-03-08,169.19024658203125,175.35000610351562,201.6300048828125,55.7177619934082,175.33999633789062,101.35858154296875
2024-03-11,171.19200134277344,171.9600067138672,202.0,56.39176940917969,177.77000427246094,101.95712280273438
2024-03-12,171.66766357421875,175.38999938964844,199.7899932861328,56.635154724121094,177.5399932861328,101.30247497558594
2024-03-13,169.58660888671875,176.55999755859375,201.19000244140625,57.215553283691406,169.47999572753906,102.43407440185547
2024-03-14,171.43975830078125,178.75,200.35000610351562,57.08816146850586,162.5,104.24840545654297
2024-03-15,171.0631561279297,174.4199981689453,199.7100067138672,56.50313186645508,163.57000732421875,104.06136322021484
2024-03-18,172.15325927734375,174.47999572753906,200.02999877929688,56.73902893066406,173.8000030517578,105.0246353149414
2024-03-19,174.4919891357422,175.89999389648438,199.8000030517578,56.83339309692383,171.32000732421875,105.76345825195312
2024-03-20,177.05860900878906,178.14999389648438,202.17999267578125,57.324066162109375,175.66000366210938,105.66992950439453
2024-03-21,169.82444763183594,178.14999389648438,201.97000122070312,57.05985641479492,172.82000732421875,106.13753509521484
2024-03-22,170.7262725830078,178.8699951171875,200.35000610351562,57.07872772216797,170.8300018310547,106.13753509521484
2024-03-25,169.3091278076172,179.7100067138672,200.99000549316406,56.99380874633789,172.6300048828125,107.2223892211914
2024-03-26,168.17942810058594,178.3000030517578,201.63999938964844,57.125911712646484,177.6699981689453,106.41810607910156
2024-03-27,171.7469482421875,179.8300018310547,203.10000610351562,57.58827590942383,179.8300018310547,107.52166748046875
2024-03-28,169.93344116210938,180.3800048828125,205.72000122070312,57.72980880737305,175.7899932861328,108.70938110351562
2024-04-01,168.4965362548828,180.97000122070312,207.82000732421875,57.25801086425781,175.22000122070312,109.41078186035156
2024-04-02,167.31729125976562,180.69000244140625,210.88999938964844,56.75790023803711,166.6300048828125,111.55243682861328
2024-04-03,168.11997985839844,182.41000366210938,212.74000549316406,56.45594787597656,168.3800048828125,111.57115173339844
2024-04-04,167.2974395751953,180.0,211.52000427246094,55.95583724975586,171.11000061035156,111.96392822265625
2024-04-05,168.0506134033203,185.07000732421875,215.13999938964844,56.153995513916016,164.89999389648438,113.50702667236328
2024-04-08,166.9307861328125,185.19000244140625,216.47999572753906,55.92753219604492,172.97999572753906,112.74016571044922
2024-04-09,168.13975524902344,185.6699981689453,217.6699981689453,56.35215759277344,176.8800048828125,113.329345703125
2024-04-10,166.26683044433594,185.9499969482422,215.61000061035156,55.597267150878906,171.75999450683594,114.28326416015625
2024-04-11,173.46133422851562,189.0500030517578,219.8000030517578,55.719932556152344,174.60000610351562,113.89981842041016
2024-04-12,174.95774841308594,186.1300048828125,216.88999938964844,54.99336242675781,171.0500030517578,112.57182312011719
2024-04-15,171.13255310058594,183.6199951171875,220.9499969482422,54.86125564575195,161.47999572753906,111.92652893066406
2024-04-16,167.8524169921875,183.32000732421875,221.22000122070312,54.78577423095703,157.11000061035156,111.00065612792969
2024-04-17,166.48484802246094,181.27999877929688,219.58999633789062,55.210391998291016,155.4499969482422,110.94454956054688
2024-04-18,165.5334930419922,179.22000122070312,220.33999633789062,55.58782958984375,149.92999267578125,110.84165954589844
2024-04-19,163.51190185546875,174.6300048828125,221.02999877929688,56.776771545410156,147.0500030517578,112.11356353759766
2024-04-22,164.3443145751953,177.22999572753906,215.57000732421875,57.13534927368164,142.0500030517578,112.74950408935547
2024-04-23,165.39476013183594,179.5399932861328,215.0399932861328,57.22026443481445,144.67999267578125,113.1890640258789
2024-04-24,167.49566650390625,176.58999633789062,214.63999938964844,58.07895278930664,162.1300048828125,113.207763671875
2024-04-25,168.35780334472656,173.6699981689453,215.9199981689453,58.25823974609375,170.17999267578125,113.4696273803711
2024-04-26,167.7731475830078,179.6199951171875,216.6199951171875,58.25823974609375,168.2899932861328,110.31794738769531
2024-04-29,171.9352264404297,180.9600067138672,216.17999267578125,58.541316986083984,194.0500030517578,111.88910675048828
2024-04-30,168.79383850097656,175.0,211.8699951171875,58.28654098510742,183.27999877929688,110.60786437988281
2024-05-01,167.7731475830078,179.0,213.7899932861328,58.43752670288086,179.99000549316406,108.51298522949219
2024-05-02,171.469482421875,184.72000122070312,213.1300048828125,58.494136810302734,180.00999450683594,108.70938110351562
2024-05-03,181.7261505126953,186.2100067138672,212.9600067138672,58.66398620605469,181.19000244140625,108.48493194580078
2024-05-06,180.07119750976562,188.6999969482422,215.1999969482422,58.833839416503906,184.75999450683594,109.18633270263672
2024-05-07,180.7549591064453,188.75999450683594,214.2100067138672,59.0886116027832,177.80999755859375,108.6439208984375
2024-05-08,181.09193420410156,188.0,213.5800018310547,59.30563735961914,174.72000122070312,108.62521362304688
2024-05-09,182.9054412841797,189.5,216.9499969482422,59.33395004272461,171.97000122070312,110.76685333251953
2024-05-10,181.64517211914062,187.47999572753906,218.7100067138672,59.69252014160156,168.47000122070312,110.31794738769531
2024-05-13,184.850341796875,186.57000732421875,216.25999450683594,59.99447250366211,171.88999938964844,110.27119445800781
2024-05-14,185.9915008544922,187.07000732421875,218.08999633789062,59.541542053222656,177.5500030517578,110.94058990478516
2024-05-15,188.26397705078125,185.99000549316406,220.88999938964844,59.569847106933594,173.99000549316406,111.79854583740234
2024-05-16,188.38304138183594,183.6300048828125,220.02999877929688,59.7491340637207,174.83999633789062,111.129150390625
2024-05-17,188.4127960205078,184.6999969482422,223.66000366210938,59.47549057006836,177.4600067138672,112.79791259765625
2024-05-20,189.57382202148438,183.5399932861328,224.55999755859375,59.04143524169922,174.9499969482422,111.88339233398438
2024-05-21,190.87379455566406,183.14999389648438,224.22999572753906,59.36225509643555,186.60000610351562,111.11029052734375
2024-05-22,189.4348907470703,183.1300048828125,220.11000061035156,59.447181701660156,180.11000061035156,108.8758316040039
2024-05-23,185.44577026367188,181.0500030517578,215.72000122070312,58.5885009765625,173.74000549316406,107.01849365234375
2024-05-24,188.52194213867188,180.75,215.9199981689453,58.503570556640625,179.24000549316406,106.93363189697266
2024-05-28,188.5319061279297,182.14999389648438,218.19000244140625,58.33372116088867,176.75,108.29129028320312
2024-05-29,188.82958984375,182.02000427246094,216.16000366210938,58.22049331665039,176.19000244140625,107.13162231445312
2024-05-30,189.82191467285156,179.32000732421875,216.57000732421875,58.47527313232422,178.7899932861328,107.47103881835938
2024-05-31,190.77455139160156,176.44000244140625,215.3000030517578,59.38113021850586,178.0800018310547,110.55402374267578
2024-06-03,192.5408935546875,178.33999633789062,217.22000122070312,59.38113021850586,176.2899932861328,107.90472412109375
2024-06-04,192.85842895507812,179.33999633789062,215.27000427246094,60.33416748046875,174.77000427246094,106.22651672363281
2024-06-05,194.3667755126953,181.27999877929688,217.82000732421875,60.31529235839844,175.0,106.65080261230469
2024-06-06,192.98744201660156,185.0,219.42999267578125,60.532325744628906,177.94000244140625,107.45218658447266
2024-06-07,195.37893676757812,184.3000030517578,211.60000610351562,60.30586242675781,177.47999572753906,106.30195617675781
2024-06-10,191.63784790039062,187.05999755859375,213.5399932861328,60.003910064697266,173.7899932861328,106.61308288574219
2024-06-11,205.56016540527344,187.22999572753906,214.14999389648438,59.966163635253906,170.66000366210938,105.75511932373047
2024-06-12,211.4347686767578,186.88999938964844,214.72000122070312,59.33395004272461,177.2899932861328,104.5860366821289
2024-06-13,212.5957794189453,183.8300018310547,212.97000122070312,59.437747955322266,182.47000122070312,103.74693298339844
2024-06-14,210.85922241210938,183.66000366210938,215.72999572753906,59.48053741455078,178.00999450683594,102.87012481689453
2024-06-17,215.0071258544922,184.05999755859375,214.61000061035156,59.54709243774414,187.44000244140625,102.16301727294922
2024-06-18,212.64537048339844,182.80999755859375,215.47000122070312,59.556610107421875,184.86000061035156,103.12467193603516
2024-06-20,208.07078552246094,186.10000610351562,218.16000366210938,59.12868881225586,181.57000732421875,105.34971618652344
2024-06-21,205.8975830078125,189.0800018310547,214.77999877929688,59.68973922729492,183.00999450683594,104.42576599121094
2024-06-24,206.5426025390625,185.57000732421875,215.6300048828125,60.83085250854492,182.5800018310547,107.5276107788086
2024-06-25,207.46546936035156,186.33999633789062,214.55999755859375,60.70722961425781,187.35000610351562,107.82930755615234
2024-06-26,211.61337280273438,193.61000061035156,212.5800018310547,60.906925201416016,196.3699951171875,107.86701965332031
2024-06-27,212.45687866210938,197.85000610351562,214.99000549316406,60.77379608154297,197.4199981689453,108.32899475097656
2024-06-28,209.0035400390625,193.25,215.00999450683594,60.52656173706055,197.8800048828125,108.53640747070312
2024-07-01,215.0865020751953,197.1999969482422,215.57000732421875,60.174705505371094,209.86000061035156,108.38556671142578
2024-07-02,218.5795135498047,200.0,215.55999755859375,60.05109405517578,231.25999450683594,107.65017700195312
2024-07-03,219.84967041015625,197.58999633789062,217.99000549316406,60.22226333618164,246.38999938964844,108.19700622558594
2024-07-05,224.60292053222656,200.0,220.92999267578125,60.631160736083984,251.52000427246094,106.88650512695312
2024-07-08,226.0715789794922,199.2899932861328,218.19000244140625,59.87041473388672,252.94000244140625,105.76455688476562
2024-07-09,226.92494201660156,199.33999633789062,218.55999755859375,59.6136589050293,262.3299865722656,104.59547424316406
2024-07-10,231.1919708251953,199.7899932861328,219.36000061035156,59.746795654296875,263.260009765625,105.51941680908203
2024-07-11,225.82347106933594,195.0500030517578,223.25,60.0035400390625,241.02999877929688,106.77335357666016
2024-07-12,228.77069091796875,194.49000549316406,223.11000061035156,60.574100494384766,248.22999572753906,106.7922134399414
2024-07-15,232.60104370117188,192.72000122070312,223.8300018310547,60.29833221435547,252.63999938964844,108.62126159667969
2024-07-16,233.01783752441406,193.02000427246094,228.2899932861328,61.11613082885742,256.55999755859375,109.40380859375
2024-07-17,227.1234130859375,187.92999267578125,227.22999572753906,62.01000213623047,248.5,110.91230010986328
2024-07-18,222.45948791503906,183.75,225.77999877929688,61.99098587036133,249.22999572753906,112.00596618652344
2024-07-19,222.58851623535156,183.1300048828125,221.72999572753906,62.08607482910156,239.1999969482422,109.43209075927734
2024-07-22,222.2412109375,182.5500030517578,221.8000030517578,61.591590881347656,251.50999450683594,108.6778335571289
2024-07-23,223.28314208984375,186.41000366210938,222.5800018310547,61.772274017333984,246.3800048828125,106.92420959472656
2024-07-24,216.86277770996094,180.8300018310547,221.8000030517578,62.58055114746094,215.99000549316406,108.43270111083984
2024-07-25,215.8208465576172,179.85000610351562,218.3300018310547,62.82780075073242,220.25,110.71430969238281
2024-07-26,216.28726196289062,182.5,220.6300048828125,63.75971221923828,219.8000030517578,110.62003326416016
2024-07-29,216.5651092529297,183.1999969482422,220.32000732421875,63.550506591796875,232.10000610351562,109.46036529541016
2024-07-30,217.1208038330078,181.7100067138672,222.52000427246094,64.35880279541016,222.6199951171875,111.41199493408203
2024-07-31,220.37562561035156,186.97999572753906,226.5500030517578,63.46492004394531,232.07000732421875,111.80797576904297
2024-08-01,216.68414306640625,184.07000732421875,225.77000427246094,64.62505340576172,216.86000061035156,110.26175689697266
2024-08-02,218.1726531982422,167.89999389648438,225.33999633789062,65.92782592773438,207.6699981689453,110.19575500488281
2024-08-05,207.66392517089844,161.02000427246094,222.47999572753906,64.75818634033203,198.8800048828125,108.20642852783203
2024-08-06,205.63958740234375,161.92999267578125,220.6999969482422,64.71064758300781,200.63999938964844,107.63133239746094
2024-08-07,208.209716796875,162.77000427246094,220.5500030517578,65.10051727294922,191.75999450683594,109.06439208984375
2024-08-08,211.6729278564453,165.8000030517578,224.00999450683594,65.35726928710938,198.83999633789062,111.14801025390625
2024-08-09,214.5804443359375,166.94000244140625,224.55999755859375,65.30972290039062,200.0,112.0531005859375
2024-08-12,216.11038208007812,166.8000030517578,228.41000366210938,64.82473754882812,197.49000549316406,112.19452667236328
2024-08-13,219.82598876953125,170.22999572753906,228.05999755859375,65.10051727294922,207.8300018310547,111.11972045898438
2024-08-14,220.27304077148438,170.10000610351562,226.1999969482422,65.2146224975586,201.3800048828125,112.14737701416016
2024-08-15,223.2534637451172,177.58999633789062,226.91000366210938,65.28118896484375,214.13999938964844,112.84117126464844
2024-08-16,224.5747833251953,177.05999755859375,231.99000549316406,65.78518676757812,216.1199951171875,112.30895233154297
2024-08-19,224.41583251953125,178.22000122070312,231.61000061035156,65.59500122070312,222.72000122070312,112.65109252929688
2024-08-20,225.03176879882812,178.8800048828125,232.4600067138672,65.97537231445312,221.10000610351562,108.89701080322266
2024-08-21,224.92250061035156,180.11000061035156,232.14999389648438,66.15604400634766,223.27000427246094,108.20320892333984
2024-08-22,223.064697265625,176.1300048828125,229.3699951171875,65.92782592773438,210.66000366210938,109.03956604003906
2024-08-23,225.35963439941406,177.0399932861328,232.02000427246094,66.36524963378906,220.32000732421875,110.55072021484375
2024-08-26,225.69740295410156,175.5,232.75999450683594,67.36372375488281,213.2100067138672,112.9172134399414
2024-08-27,226.54185485839844,173.1199951171875,233.38999938964844,67.9913330078125,209.2100067138672,111.84325408935547
2024-08-28,225.01193237304688,170.8000030517578,231.75,68.22906494140625,205.75,110.74079132080078
2024-08-29,228.29039001464844,172.1199951171875,232.9499969482422,68.51433563232422,206.27999877929688,112.27092742919922
2024-08-30,227.5055389404297,178.5,231.2899932861328,68.91374206542969,214.11000061035156,112.09036254882812
2024-09-03,221.3162078857422,176.25,230.2899932861328,69.42723846435547,210.60000610351562,109.74285888671875
2024-09-04,219.40872192382812,173.3300018310547,230.42999267578125,68.99931335449219,219.41000366210938,108.40280151367188
2024-09-05,220.92874145507812,177.88999938964844,232.35000610351562,67.67753601074219,230.1699981689453,107.55694580078125
2024-09-06,219.37893676757812,171.38999938964844,230.6300048828125,67.64899444580078,210.72999572753906,107.05323028564453
2024-09-09,219.4683380126953,175.39999389648438,231.60000610351562,68.32417297363281,216.27000427246094,109.30567932128906
2024-09-10,218.67355346679688,179.5500030517578,232.6199951171875,68.03887939453125,226.1699981689453,105.3235092163086
2024-09-11,221.2069091796875,184.52000427246094,232.25,67.59194946289062,228.1300048828125,104.27806091308594
2024-09-12,221.3162078857422,187.0,236.3300018310547,67.73458099365234,229.80999755859375,105.7131576538086
2024-09-13,221.0479736328125,186.49000549316406,238.67999267578125,68.37129974365234,230.2899932861328,105.63713073730469
2024-09-16,214.9082794189453,184.88999938964844,238.66000366210938,69.03192901611328,226.77999877929688,107.11976623535156
2024-09-17,215.37521362304688,186.8800048828125,237.33999633789062,68.74469757080078,227.8699951171875,108.51685333251953
2024-09-18,219.24978637695312,186.42999267578125,235.50999450683594,68.69682312011719,227.1999969482422,108.89701080322266
2024-09-19,227.3763885498047,189.8699951171875,239.1699981689453,67.61491394042969,243.9199981689453,110.24658203125
2024-09-20,226.7107391357422,191.60000610351562,242.2100067138672,68.59150695800781,238.25,109.55278015136719
2024-09-23,224.99205017089844,193.8800048828125,242.67999267578125,68.67768096923828,250.0,111.53913116455078
2024-09-24,225.8861846923828,193.9600067138672,246.07000732421875,68.29469299316406,254.27000427246094,111.2445068359375
2024-09-25,224.89268493652344,192.52999877929688,245.72999572753906,68.40959167480469,257.0199890136719,109.07758331298828
2024-09-26,226.03521728515625,191.16000366210938,246.97999572753906,68.3617172241211,254.22000122070312,107.20529174804688
2024-09-27,226.3034210205078,187.97000122070312,245.02000427246094,68.7351303100586,260.4599914550781,110.07552337646484
2024-09-30,231.47943115234375,186.3300018310547,243.05999755859375,68.8021469116211,261.6300048828125,111.40607452392578
2024-10-01,224.7337646484375,185.1300048828125,245.61000061035156,68.65853118896484,258.0199890136719,113.98165893554688
2024-10-02,225.30003356933594,184.75999450683594,245.66000366210938,67.9883041381836,249.02000427246094,115.49279022216797
2024-10-03,224.19728088378906,181.9600067138672,245.49000549316406,67.5191650390625,240.66000366210938,116.50022888183594
2024-10-04,225.3199005126953,186.50999450683594,245.0,67.18404388427734,250.0800018310547,118.63861846923828
2024-10-07,220.24325561523438,180.8000030517578,244.1699981689453,66.07342529296875,240.8300018310547,119.15184020996094
2024-10-08,224.29661560058594,182.72000122070312,242.3699951171875,66.2361831665039,244.5,115.98700714111328
2024-10-09,228.04200744628906,185.1699981689453,241.0500030517578,66.60958862304688,241.0500030517578,116.03451538085938
2024-10-10,227.54525756835938,186.64999389648438,242.82000732421875,66.30320739746094,238.77000427246094,117.0324478149414
2024-10-11,226.0650177001953,188.82000732421875,245.47000122070312,66.60958862304688,217.8000030517578,117.47914123535156
2024-10-14,229.79054260253906,187.5399932861328,245.07000732421875,67.34681701660156,219.16000366210938,117.92582702636719
2024-10-15,232.3238983154297,187.69000244140625,245.9199981689453,67.34681701660156,219.57000732421875,114.38082885742188
2024-10-16,230.2673797607422,186.88999938964844,247.14999389648438,67.5670394897461,221.3300018310547,114.67545318603516
2024-10-17,230.63497924804688,187.52999877929688,248.6300048828125,66.92555236816406,220.88999938964844,114.38082885742188
2024-10-18,233.4663848876953,188.99000549316406,251.27000427246094,67.44258117675781,220.6999969482422,114.05769348144531
2024-10-21,234.93670654296875,189.07000732421875,251.22000122070312,66.49469757080078,218.85000610351562,114.12422180175781
2024-10-22,234.3207550048828,189.6999969482422,253.92999267578125,66.49469757080078,217.97000122070312,114.71346282958984
2024-10-23,229.25404357910156,184.7100067138672,250.8699951171875,65.11598205566406,213.64999389648438,114.3047866821289
2024-10-24,229.06527709960938,186.3800048828125,252.8000030517578,64.43618774414062,260.4800109863281,113.65853118896484
2024-10-25,229.8998260498047,187.8300018310547,253.32000732421875,64.07235717773438,269.19000244140625,113.56348419189453
2024-10-28,231.87681579589844,188.38999938964844,253.3300018310547,63.83298873901367,262.510009765625,113.00274658203125
2024-10-29,232.1450653076172,190.8300018310547,256.0899963378906,62.77022933959961,259.5199890136719,111.46308135986328
2024-10-30,228.59837341308594,192.72999572753906,257.5,63.11490249633789,257.54998779296875,110.90235137939453
2024-10-31,224.4357147216797,186.39999389648438,253.50999450683594,62.53085708618164,249.85000610351562,110.9878921508789
2024-11-01,221.45529174804688,197.92999267578125,252.47000122070312,62.24363327026367,248.97999572753906,109.2486572265625
2024-11-04,220.5611572265625,195.77999877929688,252.8300018310547,62.33937454223633,242.83999633789062,112.72713470458984
2024-11-05,221.9917449951172,199.5,253.39999389648438,62.58831787109375,251.44000244140625,113.05976104736328
2024-11-06,221.26651000976562,207.08999633789062,245.6999969482422,60.9893684387207,288.5299987792969,114.99858856201172
2024-11-07,225.99545288085938,210.0500030517578,249.64999389648438,60.95107650756836,296.9100036621094,115.14114379882812
2024-11-08,225.7269287109375,208.17999267578125,247.9600067138672,61.20001220703125,321.2200012207031,115.10313415527344
2024-11-11,223.01173400878906,206.83999633789062,242.13999938964844,60.66384506225586,350.0,114.49488067626953
2024-11-12,223.01173400878906,208.91000366210938,240.0500030517578,60.51065444946289,328.489990234375,114.38082885742188
2024-11-13,223.89691162109375,214.10000610351562,237.6300048828125,60.31916427612305,330.239990234375,115.44527435302734
2024-11-14,226.98007202148438,211.47999572753906,237.00999450683594,59.888309478759766,311.17999267578125,115.52193450927734
2024-11-15,223.77757263183594,202.61000061035156,236.58999633789062,59.1127815246582,320.7200012207031,114.32417297363281
2024-11-18,226.7811737060547,201.6999969482422,241.08999633789062,59.2276725769043,338.739990234375,115.28237915039062
2024-11-19,227.0397491455078,204.61000061035156,243.25,59.926605224609375,346.0,113.67257690429688
2024-11-20,227.75582885742188,202.8800048828125,244.6199951171875,60.30958938598633,342.0299987792969,115.29196166992188
2024-11-21,227.27845764160156,198.3800048828125,246.66000366210938,61.04682159423828,339.6400146484375,116.8346939086914
2024-11-22,228.62109375,197.1199951171875,249.83999633789062,61.20001220703125,352.55999755859375,116.70053100585938
2024-11-25,231.60479736328125,201.4499969482422,242.47999572753906,61.640438079833984,338.5899963378906,114.95658874511719
2024-11-26,233.78292846679688,207.86000061035156,242.9499969482422,61.80320739746094,338.2300109863281,113.04017639160156
2024-11-27,233.6536102294922,205.74000549316406,243.49000549316406,61.68830871582031,332.8900146484375,112.74312591552734
2024-11-29,236.0405731201172,207.88999938964844,245.58999633789062,61.818546295166016,345.1600036621094,113.03057861328125
2024-12-02,238.28829956054688,210.7100067138672,243.44000244140625,61.40372085571289,357.0899963378906,112.92517852783203
2024-12-03,241.33168029785156,213.44000244140625,243.92999267578125,61.2783088684082,351.4200134277344,112.75270080566406
2024-12-04,241.68971252441406,218.16000366210938,244.6699981689453,60.01453399658203,357.92999267578125,109.50436401367188
2024-12-05,241.7195587158203,220.5500030517578,242.86000061035156,60.69947814941406,369.489990234375,109.98347473144531
2024-12-06,241.52064514160156,227.02999877929688,242.9499969482422,60.323246002197266,389.2200012207031,108.82404327392578
2024-12-09,245.40940856933594,226.08999633789062,245.36000061035156,60.39077377319336,389.7900085449219,108.18203735351562
2024-12-10,246.4238739013672,225.0399932861328,248.58999633789062,60.68983459472656,400.989990234375,107.9616470336914
2024-12-11,245.1508331298828,230.25999450683594,250.9600067138672,60.42936325073242,424.7699890136719,107.24298095703125
2024-12-12,246.61282348632812,228.97000122070312,247.27999877929688,61.587013244628906,418.1000061035156,107.14717102050781
2024-12-13,246.7819061279297,227.4600067138672,244.2899932861328,60.89242172241211,436.2300109863281,106.20812225341797
2024-12-16,249.67608642578125,232.92999267578125,244.8800048828125,60.3425407409668,463.0199890136719,103.9371566772461
2024-12-17,252.1028289794922,231.14999389648438,243.94000244140625,61.16254425048828,479.8599853515625,103.49639129638672
2024-12-18,246.7023468017578,220.52000427246094,239.25999450683594,60.631954193115234,440.1300048828125,101.97282409667969
2024-12-19,248.432861328125,223.2899932861328,239.60000610351562,60.246070861816406,436.1700134277344,101.1008529663086
2024-12-20,253.10736083984375,224.9199981689453,242.10000610351562,60.3425407409668,421.05999755859375,101.44581604003906
2024-12-23,253.8831024169922,225.05999755859375,240.9600067138672,60.17853927612305,430.6000061035156,101.85784912109375
2024-12-24,256.79718017578125,229.0500030517578,241.44000244140625,60.622310638427734,462.2799987792969,101.95366668701172
2024-12-26,257.6127014160156,227.0500030517578,243.07000732421875,60.36183547973633,454.1300048828125,102.03990936279297
2024-12-27,254.20138549804688,223.75,241.39999389648438,60.246070861816406,431.6600036621094,102.03032684326172
2024-12-30,250.8297882080078,221.3000030517578,240.6300048828125,59.84089279174805,417.4100036621094,101.34041595458984
2024-12-31,249.0594482421875,219.38999938964844,242.1300048828125,60.062774658203125,403.8399963378906,103.07476043701172
2025-01-02,242.52517700195312,220.22000122070312,245.4199981689453,59.65760040283203,379.2799987792969,102.82563018798828
2025-01-03,242.03782653808594,224.19000244140625,243.49000549316406,59.57077407836914,410.44000244140625,103.3526611328125
2025-01-06,243.66893005371094,227.61000061035156,243.19000244140625,58.66394805908203,411.04998779296875,103.2376708984375
2025-01-07,240.89407348632812,222.11000061035156,244.55999755859375,58.69289016723633,394.3599853515625,104.20545196533203
2025-01-08,241.38140869140625,222.1300048828125,245.86000061035156,59.53218460083008,394.94000244140625,102.46151733398438
2025-01-10,235.56320190429688,218.94000244140625,248.2100067138672,58.91476821899414,394.739990234375,102.08780670166016
2025-01-13,233.12648010253906,218.4600067138672,245.74000549316406,59.47430419921875,403.30999755859375,104.72289276123047
2025-01-14,232.0125732421875,217.75999450683594,247.02999877929688,59.85054016113281,396.3599853515625,105.13492584228516
2025-01-15,236.57765197753906,223.35000610351562,248.8800048828125,59.59006881713867,428.2200012207031,106.85012817382812
2025-01-16,227.0198516845703,220.66000366210938,250.60000610351562,60.053131103515625,413.82000732421875,106.6680679321289
2025-01-17,228.7305145263672,225.94000244140625,249.27000427246094,60.496891021728516,426.5,107.62627410888672
2025-01-21,221.43038940429688,230.7100067138672,253.1300048828125,60.21712875366211,424.07000732421875,106.81179809570312
2025-01-22,222.6139373779297,235.00999450683594,254.42999267578125,59.599708557128906,415.1099853515625,104.95286560058594
2025-01-23,222.44485473632812,235.4199981689453,254.07000732421875,59.35853576660156,412.3800048828125,105.54695892333984
2025-01-24,221.56964111328125,234.85000610351562,255.64999389648438,59.73477554321289,406.5799865722656,104.11921691894531
2025-01-27,228.6111602783203,235.4199981689453,252.99000549316406,61.61595916748047,397.1499938964844,105.56611633300781
2025-01-28,236.9655303955078,238.14999389648438,255.17999267578125,60.15924835205078,398.0899963378906,103.52513122558594
2025-01-29,238.05953979492188,237.07000732421875,254.1999969482422,60.612667083740234,389.1000061035156,104.1288070678711
2025-01-30,236.2991485595703,234.63999938964844,258.04998779296875,61.78960418701172,400.2799987792969,104.99120330810547
2025-01-31,234.71778869628906,237.67999267578125,258.55999755859375,61.23971939086914,404.6000061035156,102.36570739746094
2025-02-03,226.77122497558594,237.4199981689453,259.94000244140625,61.11430740356445,383.67999267578125,102.61482238769531
2025-02-04,231.53518676757812,242.05999755859375,262.5,60.45830535888672,392.2099914550781,105.3648910522461
2025-02-05,231.2069854736328,236.1699981689453,264.1300048828125,60.89242172241211,378.1700134277344,105.28824615478516
2025-02-06,231.9529266357422,238.8300018310547,263.42999267578125,61.123958587646484,374.32000732421875,103.89883422851562
2025-02-07,226.39329528808594,229.14999389648438,263.8999938964844,61.587013244628906,361.6199951171875,104.3396224975586
2025-02-10,226.66209411621094,233.13999938964844,268.3699951171875,62.27196502685547,350.7300109863281,106.33269500732422
2025-02-11,231.61053466796875,232.75999450683594,267.3900146484375,65.21432495117188,328.5,107.00343322753906
2025-02-12,235.8420867919922,228.92999267578125,267.6700134277344,66.28514862060547,336.510009765625,103.78404235839844
2025-02-13,240.48187255859375,230.3699951171875,270.30999755859375,67.0472640991211,355.94000244140625,104.53813934326172
2025-02-14,243.53855895996094,228.67999267578125,266.2900085449219,66.43950653076172,355.8399963378906,104.64449310302734
2025-02-18,243.40911865234375,226.64999389648438,270.70001220703125,66.6131591796875,354.1099853515625,106.48136901855469
2025-02-19,243.807373046875,226.6300048828125,270.8500061035156,67.59715270996094,360.55999755859375,106.63606262207031
2025-02-20,244.76319885253906,222.8800048828125,270.989990234375,67.5682144165039,354.3999938964844,108.27959442138672
2025-02-21,244.4844207763672,216.5800018310547,270.739990234375,68.83197784423828,337.79998779296875,107.01311492919922
2025-02-24,246.0277099609375,212.7100067138672,272.2099914550781,68.09879302978516,330.5299987792969,107.5738296508789
2025-02-25,245.9679718017578,212.8000030517578,268.6199951171875,68.96703338623047,302.79998779296875,106.08499908447266
2025-02-26,239.31695556640625,214.35000610351562,269.0299987792969,68.3013916015625,290.79998779296875,105.82395935058594
2025-02-27,236.27023315429688,208.74000549316406,264.92999267578125,68.36892700195312,281.95001220703125,106.49104309082031
2025-02-28,240.79052734375,212.27999877929688,263.2699890136719,68.6969223022461,292.9800109863281,107.63184356689453
2025-03-03,236.9970703125,205.02000427246094,266.739990234375,69.76774597167969,284.6499938964844,104.18043518066406
2025-03-04,234.9061737060547,203.8000030517578,269.05999755859375,67.7129135131836,272.0400085449219,103.96774291992188
2025-03-05,234.7169952392578,208.36000061035156,269.6199951171875,67.60679626464844,279.1000061035156,101.9375
2025-03-06,234.30877685546875,200.6999969482422,268.25,67.973388671875,263.45001220703125,104.04508972167969
2025-03-07,238.03256225585938,199.25,268.3900146484375,68.9091567993164,262.6700134277344,105.39857482910156
2025-03-10,226.4928436279297,194.5399932861328,266.0400085449219,68.9284439086914,222.14999389648438,108.08623504638672
2025-03-11,219.88165283203125,196.58999633789062,269.1600036621094,68.53292846679688,230.5800018310547,105.533935546875
2025-03-12,216.03842163085938,198.88999938964844,270.3299865722656,67.47174072265625,248.08999633789062,105.50492095947266
2025-03-13,208.7700958251953,193.88999938964844,275.1300048828125,67.16304016113281,240.67999267578125,105.06021118164062
2025-03-14,212.5635528564453,197.9499969482422,275.239990234375,67.21162414550781,249.97999572753906,108.18291473388672
2025-03-17,213.0713653564453,195.74000549316406,276.7300109863281,68.14457702636719,238.00999450683594,109.98113250732422
2025-03-18,211.7670440673828,192.82000732421875,279.9599914550781,67.42542266845703,225.30999755859375,109.86510467529297
2025-03-19,214.30596923828125,195.5399932861328,281.1099853515625,67.3282470703125,235.86000061035156,111.5763168334961
2025-03-20,213.17091369628906,194.9499969482422,280.75,67.74613189697266,236.25999450683594,112.05004119873047
2025-03-21,217.32281494140625,196.2100067138672,278.489990234375,66.73542785644531,248.7100067138672,111.66332244873047
2025-03-24,219.77215576171875,203.25999450683594,277.25,67.00753021240234,278.3900146484375,111.953369140625
2025-03-25,222.779052734375,205.7100067138672,278.4700012207031,66.8714828491211,288.1400146484375,112.71711730957031
2025-03-26,220.56866455078125,201.1300048828125,278.239990234375,68.04740142822266,272.05999755859375,114.34131622314453
2025-03-27,222.87860107421875,201.36000061035156,281.9700012207031,68.74711608886719,273.1300048828125,113.97393798828125
2025-03-28,216.95440673828125,192.72000122070312,284.05999755859375,68.38753509521484,263.54998779296875,113.81925964355469
2025-03-31,221.1660614013672,190.25999450683594,288.1400146484375,69.60232543945312,259.1600036621094,114.97938537597656
2025-04-01,222.22146606445312,192.1699981689453,287.57000732421875,69.84528350830078,268.4599914550781,115.08573913574219
2025-04-02,222.91842651367188,196.00999450683594,288.1600036621094,69.32048797607422,282.760009765625,114.72801971435547
2025-04-03,202.30825805664062,178.41000366210938,286.4200134277344,71.11837005615234,267.2799987792969,108.6953125
2025-04-04,187.56253051757812,171.0,279.7200012207031,67.95993041992188,239.42999267578125,100.87403869628906
2025-04-07,180.6725616455078,175.25999450683594,273.7099914550781,66.44388580322266,233.2899932861328,99.52055358886719
2025-04-08,171.6717987060547,170.66000366210938,275.20001220703125,66.49246978759766,221.86000061035156,97.42262268066406
2025-04-09,197.98709106445312,191.10000610351562,285.3800048828125,67.97936248779297,272.20001220703125,102.28553771972656
2025-04-10,189.59365844726562,181.22000122070312,292.3500061035156,68.76654815673828,252.39999389648438,96.61053466796875
2025-04-11,197.29013061523438,184.8699951171875,297.92999267578125,69.41766357421875,252.30999755859375,99.71389770507812
2025-04-14,201.6411590576172,182.1199951171875,296.2300109863281,70.40892791748047,252.35000610351562,99.95559692382812
2025-04-15,201.2628173828125,179.58999633789062,297.7799987792969,69.83556365966797,254.11000061035156,99.67523193359375
2025-04-16,193.4269561767578,174.3300018310547,307.4700012207031,69.66062927246094,241.5500030517578,100.72901916503906
2025-04-17,196.1251983642578,172.61000061035156,306.1199951171875,70.94344329833984,241.3699951171875,103.36832427978516
2025-04-21,192.32176208496094,167.32000732421875,315.5899963378906,70.71991729736328,227.5,101.85049438476562
2025-04-22,198.8732452392578,173.17999267578125,311.1099853515625,71.81809997558594,237.97000122070312,104.70249938964844
2025-04-23,203.71214294433594,180.60000610351562,303.6499938964844,71.23500061035156,250.74000549316406,103.80339813232422
2025-04-24,207.4657745361328,186.5399932861328,308.07000732421875,70.47696685791016,259.510009765625,105.02153015136719
2025-04-25,208.37181091308594,188.99000549316406,304.7300109863281,69.88416290283203,284.95001220703125,104.96353912353516
2025-04-28,209.22811889648438,187.6999969482422,309.07000732421875,69.76753234863281,285.8800048828125,105.02153015136719
2025-04-29,210.29345703125,187.38999938964844,306.05999755859375,70.31175231933594,292.0299987792969,104.76050567626953
2025-04-30,211.57785034179688,184.4199981689453,303.7699890136719,70.50611877441406,282.1600036621094,102.12118530273438
2025-05-01,212.39430236816406,190.1999969482422,297.4599914550781,69.28162384033203,280.5199890136719,102.2662124633789
2025-05-02,204.45889282226562,189.97999572753906,297.9800109863281,69.63148498535156,287.2099914550781,102.68192291259766
2025-05-05,198.02691650390625,186.35000610351562,306.8800048828125,69.68006896972656,280.260009765625,99.8395767211914
2025-05-06,197.64857482910156,185.00999450683594,315.4800109863281,69.69950103759766,275.3500061035156,101.23174285888672
2025-05-07,195.39837646484375,188.7100067138672,310.75,70.3603515625,276.2200012207031,101.13507080078125
2025-05-08,196.63299560546875,192.0800018310547,304.6300048828125,69.16498565673828,284.82000732421875,102.54656982421875
2025-05-09,197.66847229003906,193.05999755859375,306.8399963378906,68.5333023071289,298.260009765625,103.74537658691406
2025-05-12,210.15048217773438,208.63999938964844,298.19000244140625,67.57120513916016,318.3800048828125,105.533935546875
2025-05-13,212.28399658203125,211.3699951171875,299.4599914550781,67.01725006103516,334.07000732421875,105.82395935058594
2025-05-14,211.6858367919922,210.25,293.1600036621094,67.21162414550781,347.67999267578125,104.87652587890625
2025-05-15,210.80850219726562,205.1699981689453,297.8399963378906,69.59260559082031,342.82000732421875,105.94002532958984
2025-05-16,210.6190643310547,205.58999633789062,294.239990234375,69.97161865234375,349.9800109863281,105.55950164794922
2025-05-19,208.14659118652344,206.16000366210938,298.0299987792969,69.9035873413086,342.0899963378906,103.8813247680664
2025-05-20,206.232421875,204.07000732421875,303.5799865722656,69.67034912109375,343.82000732421875,102.39826965332031
2025-05-21,201.47689819335938,201.1199951171875,305.82000732421875,69.82584381103516,334.6199951171875,101.1396484375
2025-05-22,200.7490997314453,203.10000610351562,303.1099853515625,69.13584899902344,341.0400085449219,100.46642303466797
2025-05-23,194.67758178710938,200.99000549316406,309.75,69.74809265136719,339.3399963378906,100.52495574951172
2025-05-27,199.60260009765625,206.02000427246094,304.5,69.75782012939453,362.8900146484375,101.00303649902344
2025-05-28,199.8119659423828,204.72000122070312,303.80999755859375,69.14556121826172,356.8999938964844,99.62732696533203
2025-05-29,199.3433837890625,205.6999969482422,305.6099853515625,69.47598266601562,358.42999267578125,100.19322967529297
2025-05-30,200.24066162109375,205.00999450683594,303.6000061035156,70.06879425048828,346.4599914550781,99.81271362304688
2025-06-02,201.08807373046875,206.64999389648438,311.6700134277344,69.97161865234375,342.69000244140625,100.54447174072266
2025-06-03,202.6533203125,205.7100067138672,308.9100036621094,69.15528106689453,344.2699890136719,101.27623748779297
2025-06-04,202.2046661376953,207.22999572753906,310.8999938964844,69.35936737060547,332.04998779296875,99.81271362304688
2025-06-05,200.0213165283203,207.91000366210938,309.3299865722656,68.91232299804688,284.70001220703125,99.35413360595703
2025-06-06,203.30133056640625,213.57000732421875,305.17999267578125,69.33992767333984,295.1400146484375,101.73480987548828
2025-06-09,200.8388214111328,216.97999572753906,306.6199951171875,69.74809265136719,308.5799865722656,102.41779327392578
2025-06-10,202.0551300048828,217.61000061035156,306.7099914550781,70.31175231933594,326.0899963378906,104.61308288574219
2025-06-11,198.1769256591797,213.1999969482422,308.3699951171875,70.03964233398438,326.42999267578125,106.65226745605469
2025-06-12,198.5956573486328,213.24000549316406,312.20001220703125,70.20484924316406,319.1099853515625,107.06205749511719
2025-06-13,195.85400390625,212.10000610351562,316.2900085449219,69.50994873046875,325.30999755859375,109.39395141601562
2025-06-16,197.81802368164062,216.10000610351562,311.7799987792969,69.02058410644531,329.1300048828125,109.74520111083984
2025-06-17,195.04644775390625,214.82000732421875,311.94000244140625,68.13972473144531,316.3500061035156,111.22824096679688
2025-06-18,195.98361206054688,212.52000427246094,310.260009765625,67.73843383789062,322.04998779296875,110.43793487548828
2025-06-20,200.39019775390625,209.69000244140625,310.1300048828125,67.37629699707031,322.1600036621094,111.91121673583984
2025-06-23,200.888671875,208.47000122070312,311.0799865722656,68.25716400146484,348.67999267578125,109.02317810058594
2025-06-24,199.69232177734375,212.77000427246094,306.19000244140625,68.71717071533203,340.4700012207031,105.70584869384766
2025-06-25,200.948486328125,211.99000549316406,307.1199951171875,68.14950561523438,327.54998779296875,105.7351303100586
2025-06-26,200.39019775390625,217.1199951171875,306.7799987792969,67.99291229248047,325.7799987792969,107.31573486328125
2025-06-27,200.469970703125,223.3000030517578,301.2200012207031,68.83462524414062,323.6300048828125,106.72057342529297
2025-06-30,204.54754638671875,219.38999938964844,304.8299865722656,69.24568939208984,317.6600036621094,105.17898559570312
2025-07-01,207.18951416015625,220.4600067138672,307.54998779296875,70.14613342285156,300.7099914550781,106.58396911621094
2025-07-02,211.7954864501953,219.9199981689453,309.25,69.40229797363281,315.6499938964844,108.34996032714844
2025-07-03,212.90211486816406,223.41000366210938,307.1400146484375,69.83293151855469,315.3500061035156,109.47200012207031
2025-07-07,209.3130340576172,223.47000122070312,307.3699951171875,69.50016784667969,293.94000244140625,108.40850067138672
2025-07-08,209.37286376953125,219.36000061035156,304.1600036621094,68.74653625488281,297.80999755859375,111.41361999511719
2025-07-09,210.4994354248047,222.5399932861328,305.5199890136719,68.00270080566406,295.8800048828125,111.03311157226562
2025-07-10,211.76559448242188,222.25999450683594,306.20001220703125,68.2865219116211,309.8699951171875,112.13562774658203
2025-07-11,210.5193634033203,225.02000427246094,309.1400146484375,68.38440704345703,313.510009765625,112.62346649169922
2025-07-14,207.98707580566406,225.69000244140625,308.010009765625,67.99291229248047,316.8999938964844,111.15017700195312
2025-07-15,208.47560119628906,226.35000610351562,306.7300109863281,67.88524627685547,310.7799987792969,110.16474151611328
2025-07-16,209.52239990234375,223.19000244140625,308.260009765625,67.79715728759766,321.6700134277344,109.50127410888672
2025-07-17,209.38282775878906,223.8800048828125,307.5899963378906,69.0890884399414,319.4100036621094,108.94513702392578
2025-07-18,210.539306640625,226.1300048828125,308.3900146484375,68.36483001708984,329.6499938964844,105.14971160888672
2025-07-21,211.8353729248047,229.3000030517578,313.1300048828125,68.58014678955078,328.489990234375,105.42290496826172
2025-07-22,213.74952697753906,227.47000122070312,316.1000061035156,68.17887878417969,332.1099853515625,105.90099334716797
2025-07-23,213.50030517578125,228.2899932861328,312.17999267578125,67.68949890136719,332.55999755859375,107.25719451904297
2025-07-24,213.11148071289062,232.22999572753906,310.2699890136719,67.63077545166016,305.29998779296875,108.0962905883789
2025-07-25,213.2311248779297,231.44000244140625,307.3999938964844,67.69927978515625,316.05999755859375,107.71576690673828
2025-07-28,213.40061950683594,232.7899932861328,305.4100036621094,66.64224243164062,325.5899963378906,108.73048400878906
2025-07-29,210.62904357910156,231.00999450683594,306.25,67.90481567382812,321.20001220703125,110.13546752929688
2025-07-30,208.415771484375,230.19000244140625,300.9599914550781,67.28821563720703,319.0400085449219,109.17930603027344
2025-07-31,206.94027709960938,234.11000061035156,302.9599914550781,66.44650268554688,308.2699890136719,108.92561340332031
2025-08-01,201.76600646972656,214.75,309.1099853515625,67.39588165283203,302.6300048828125,106.9742431640625
2025-08-04,202.7330780029297,211.64999389648438,310.9100036621094,67.49374389648438,309.260009765625,104.75944519042969
2025-08-05,202.3043670654297,213.75,311.1600036621094,67.58184051513672,308.7200012207031,104.63259887695312
2025-08-06,212.60302734375,222.30999755859375,310.5,68.03205871582031,319.9100036621094,103.92034912109375
2025-08-07,219.36245727539062,223.1300048828125,313.1199951171875,68.9324951171875,322.2699890136719,103.37395477294922
2025-08-08,228.6541748046875,222.69000244140625,313.04998779296875,68.84440612792969,329.6499938964844,104.20330047607422
2025-08-11,226.747802734375,221.3000030517578,308.54998779296875,69.24568939208984,339.0299987792969,103.25687408447266
2025-08-12,229.21310424804688,221.47000122070312,308.2699890136719,69.20654296875,340.8399963378906,103.5495834350586
2025-08-13,232.88612365722656,224.55999755859375,309.2099914550781,68.96186065673828,339.3800048828125,104.98384094238281
2025-08-14,232.337158203125,230.97999572753906,307.25,68.07120513916016,335.5799865722656,104.76919555664062
2025-08-15,231.1494140625,231.02999877929688,307.42999267578125,68.43333435058594,330.55999755859375,104.86766815185547
2025-08-18,230.4507598876953,231.49000549316406,306.95001220703125,67.6601333618164,335.1600036621094,105.09416961669922
2025-08-19,230.1213836669922,228.00999450683594,305.2699890136719,68.63887023925781,329.30999755859375,105.78350067138672
2025-08-20,225.5800323486328,223.80999755859375,308.3599853515625,69.1967544555664,323.8999938964844,106.8765869140625
2025-08-21,224.47215270996094,221.9499969482422,307.2900085449219,69.1576156616211,320.1099853515625,107.56593322753906
2025-08-22,227.3267059326172,228.83999633789062,310.5799865722656,68.63887023925781,340.010009765625,109.58470153808594
2025-08-25,226.72784423828125,227.94000244140625,309.8299865722656,67.46438598632812,346.6000061035156,110.03768157958984
2025-08-26,228.87376403808594,228.7100067138672,312.0799865722656,67.26864624023438,351.6700134277344,109.79148864746094
2025-08-27,230.05152893066406,229.1199951171875,312.7099914550781,67.36651611328125,349.6000061035156,111.03230285644531
2025-08-28,232.11758422851562,231.60000610351562,315.0299987792969,66.90650939941406,345.9800109863281,111.62316131591797
2025-08-29,231.69837951660156,229.0,318.07000732421875,67.52310943603516,333.8699951171875,112.54883575439453
2025-09-02,229.28298950195312,225.33999633789062,325.5899963378906,67.59162139892578,329.3599853515625,112.9427490234375
2025-09-03,238.01634216308594,225.99000549316406,328.1400146484375,67.52310943603516,334.0899963378906,110.2051010131836
2025-09-04,239.32383728027344,235.67999267578125,326.69000244140625,66.7988510131836,338.5299987792969,110.68763732910156
2025-09-05,239.2340087890625,232.3300018310547,331.04998779296875,66.51500701904297,350.8399963378906,107.56593322753906
2025-09-08,237.42745971679688,235.83999633789062,334.82000732421875,65.99628448486328,346.3999938964844,108.17648315429688
2025-09-09,233.9041748046875,238.24000549316406,334.05999755859375,66.41714477539062,346.9700012207031,108.96429443359375
2025-09-10,226.35855102539062,230.3300018310547,335.260009765625,66.37799072265625,347.7900085449219,110.7861099243164
2025-09-11,229.59239196777344,229.9499969482422,334.760009765625,66.1822509765625,368.80999755859375,110.43159484863281
2025-09-12,233.6247100830078,228.14999389648438,335.4200134277344,65.58522033691406,395.94000244140625,110.4512939453125
2025-09-15,236.24969482421875,231.42999267578125,338.9100036621094,65.29920196533203,410.0400085449219,110.63839721679688
2025-09-16,237.6969451904297,234.0500030517578,339.5899963378906,65.32878875732422,421.6199951171875,112.93289947509766
2025-09-17,238.5353546142578,231.6199951171875,336.9700012207031,66.11778259277344,425.8599853515625,113.53359985351562
2025-09-18,237.42745971679688,231.22999572753906,335.6199951171875,65.54576110839844,416.8500061035156,112.19432830810547
2025-09-19,245.032958984375,231.47999572753906,339.17999267578125,65.51617431640625,426.07000732421875,111.10123443603516
2025-09-22,255.5928192138672,227.6300048828125,345.04998779296875,65.29920196533203,434.2099914550781,110.31341552734375
2025-09-23,253.9459686279297,220.7100067138672,346.4599914550781,65.79232025146484,425.8500061035156,112.2140121459961
2025-09-24,251.8300018310547,220.2100067138672,343.32000732421875,65.53589630126953,442.7900085449219,112.81472778320312
2025-09-25,256.3813171386719,218.14999389648438,344.75,65.07237243652344,423.3900146484375,113.82903289794922
2025-09-26,254.97401428222656,219.77999877929688,346.739990234375,64.7666244506836,440.3999938964844,115.4342041015625
2025-09-29,253.9459686279297,222.1699981689453,352.4599914550781,65.13153839111328,443.2099914550781,112.47990417480469
2025-09-30,254.14559936523438,219.57000732421875,355.4700012207031,65.40768432617188,444.7200012207031,111.03230285644531
2025-10-01,254.9640350341797,220.6300048828125,356.0299987792969,65.86135864257812,459.4599914550781,110.28387451171875
2025-10-02,256.6408386230469,222.41000366210938,354.7900085449219,65.19071197509766,436.0,109.59454345703125
2025-10-03,257.5291442871094,219.50999450683594,357.6400146484375,65.73314666748047,429.8299865722656,111.53453063964844
2025-10-06,256.20166015625,220.89999389648438,364.3800048828125,65.19071197509766,453.25,112.460205078125
2025-10-07,255.99209594726562,221.77999877929688,366.260009765625,65.87122344970703,433.0899963378906,112.51929473876953
2025-10-08,257.569091796875,225.22000122070312,372.29998779296875,65.21044158935547,438.69000244140625,112.28295135498047
2025-10-09,253.55670166015625,227.74000549316406,365.42999267578125,65.4570083618164,435.5400085449219,111.18986511230469
2025-10-10,244.80340576171875,216.3699951171875,369.1199951171875,66.11778259277344,413.489990234375,109.04307556152344
2025-10-13,247.18885803222656,220.07000732421875,378.0899963378906,65.88108825683594,435.8999938964844,110.53006744384766
2025-10-14,247.29864501953125,216.38999938964844,380.7900085449219,66.5813217163086,429.239990234375,110.57930755615234
2025-10-15,248.86566162109375,215.57000732421875,387.3900146484375,66.15723419189453,435.1499938964844,109.90966796875
2025-10-16,246.97926330566406,214.47000122070312,396.45001220703125,66.66021728515625,428.75,108.9544448852539
2025-10-17,251.81002807617188,213.0399932861328,388.989990234375,67.49852752685547,439.30999755859375,110.53006744384766
2025-10-20,261.7411193847656,216.47999572753906,403.1499938964844,67.49852752685547,447.42999267578125,110.9830551147461
2025-10-21,262.27008056640625,222.02999877929688,377.239990234375,70.24028015136719,442.6000061035156,110.99291229248047
2025-10-22,257.9583435058594,217.9499969482422,377.2799987792969,69.8359146118164,438.9700012207031,112.96244049072266
2025-10-23,259.0861511230469,221.08999633789062,378.7900085449219,68.97789001464844,448.9800109863281,114.21309661865234
2025-10-24,262.3200378417969,224.2100067138672,377.5199890136719,68.75105285644531,433.7200012207031,113.632080078125
2025-10-27,268.2986145019531,226.97000122070312,367.010009765625,69.09623718261719,452.4200134277344,114.1737060546875
2025-10-28,268.4882507324219,229.25,364.3800048828125,69.19486999511719,460.54998779296875,113.2775650024414
2025-10-29,269.1869201660156,230.3000030517578,363.0,67.40975952148438,461.510009765625,114.67593383789062
2025-10-30,270.8836669921875,222.86000061035156,370.1300048828125,68.03109741210938,440.1000061035156,112.9427490234375
2025-10-31,269.85565185546875,244.22000122070312,368.1199951171875,67.95220184326172,456.55999755859375,112.6177749633789
2025-11-03,268.53814697265625,254.0,368.7799987792969,67.03498840332031,468.3699951171875,112.02691650390625
2025-11-04,269.5262756347656,249.32000732421875,362.32000732421875,67.71549987792969,444.260009765625,112.40113067626953
2025-11-05,269.6260986328125,250.1999969482422,366.510009765625,67.56756591796875,462.07000732421875,111.94813537597656
2025-11-06,269.25677490234375,243.0399932861328,366.07000732421875,68.10999298095703,445.9100036621094,112.7556381225586
2025-11-07,267.9592590332031,244.41000366210938,368.30999755859375,69.57949829101562,429.5199890136719,115.4342041015625
2025-11-10,269.1781311035156,248.39999389648438,378.3800048828125,69.54991149902344,445.2300109863281,116.4189682006836
2025-11-11,274.99267578125,249.10000610351562,379.8699951171875,70.62491607666016,439.6199951171875,117.9552001953125
2025-11-12,273.21435546875,244.1999969482422,385.989990234375,70.52629852294922,430.6000061035156,116.32048797607422
2025-11-13,272.6948547363281,237.5800018310547,382.8699951171875,70.09234619140625,401.989990234375,116.98028564453125
2025-11-14,272.15533447265625,234.69000244140625,375.9599914550781,70.18111419677734,404.3500061035156,118.50015258789062
2025-11-17,267.2099609375,232.8699951171875,371.6499938964844,69.70771026611328,408.9200134277344,116.90081024169922
2025-11-18,267.19000244140625,222.5500030517578,374.3500061035156,70.24028015136719,401.25,118.24187469482422
2025-11-19,268.3089294433594,222.69000244140625,374.9599914550781,70.13179779052734,403.989990234375,116.572998046875
2025-11-20,266.0010986328125,217.13999938964844,374.8500061035156,70.23041534423828,395.2300109863281,116.24517822265625
2025-11-21,271.2361755371094,220.69000244140625,374.2699890136719,71.94647979736328,391.0899963378906,116.3047866821289
2025-11-24,275.6620788574219,226.27999877929688,380.20001220703125,71.5914306640625,417.7799987792969,115.20213317871094
2025-11-25,276.7110900878906,229.6699981689453,380.0799865722656,71.61116027832031,419.3999938964844,113.75180053710938
2025-11-26,277.29052734375,229.16000366210938,383.1199951171875,71.87744903564453,426.5799865722656,114.01007843017578
2025-11-28,278.5893249511719,233.22000122070312,387.8800048828125,72.11415100097656,430.1700134277344,115.1524658203125
2025-12-01,282.8353576660156,233.8800048828125,389.75,71.45864868164062,430.1400146484375,115.8577651977539
2025-12-02,285.9224548339844,234.4199981689453,387.239990234375,70.18739318847656,429.239990234375,114.61603546142578
2025-12-03,283.8843688964844,232.3800048828125,386.8800048828125,70.32643127441406,446.739990234375,117.02001953125
2025-12-04,280.4375915527344,229.11000061035156,387.1300048828125,69.9688949584961,454.5299987792969,116.36438751220703
2025-12-05,278.5193786621094,229.52999877929688,386.44000244140625,69.52196502685547,455.0,115.76836395263672
2025-12-08,277.6302185058594,226.88999938964844,385.4200134277344,69.770263671875,439.5799865722656,115.21207427978516
2025-12-09,276.9208679199219,227.9199981689453,387.3999938964844,69.6113510131836,445.1700134277344,117.467041015625
2025-12-10,278.5193786621094,231.77999877929688,389.04998779296875,69.73052978515625,451.45001220703125,118.74849700927734
2025-12-11,277.77008056640625,230.27999877929688,393.239990234375,68.63804626464844,446.8900146484375,118.74849700927734
2025-12-12,278.0198669433594,226.19000244140625,395.44000244140625,70.03841400146484,458.9599914550781,118.03326416015625
2025-12-15,273.8537292480469,222.5399932861328,395.79998779296875,70.48534393310547,475.30999755859375,116.98028564453125
2025-12-16,274.353271484375,222.55999755859375,395.8900146484375,69.88944244384766,489.8800048828125,113.9206771850586
2025-12-17,271.58587646484375,221.27000427246094,399.2900085449219,70.18739318847656,467.260009765625,116.63260650634766
2025-12-18,271.935546875,226.75999450683594,398.57000732421875,69.87950897216797,483.3699951171875,115.76836395263672
2025-12-19,273.4141845703125,227.35000610351562,399.0199890136719,69.58155822753906,481.20001220703125,115.91736602783203
2025-12-22,270.7166748046875,228.42999267578125,408.2300109863281,69.73052978515625,488.7300109863281,117.3676986694336
2025-12-23,272.1053771972656,232.13999938964844,413.6400146484375,69.39286041259766,485.55999755859375,118.62928771972656
2025-12-24,273.55401611328125,232.3800048828125,411.92999267578125,69.63121795654297,485.3999938964844,118.43061828613281
2025-12-26,273.1444091796875,232.52000427246094,416.739990234375,69.39286041259766,475.19000244140625,118.32134246826172
2025-12-29,273.50408935546875,232.07000732421875,398.6000061035156,69.68087768554688,459.6400146484375,119.73194122314453
2025-12-30,272.82470703125,232.52999877929688,398.8900146484375,69.59149169921875,454.42999267578125,120.18889617919922
2025-12-31,271.6058349609375,230.82000732421875,396.30999755859375,69.43258666992188,449.7200012207031,119.54319763183594
2026-01-02,270.75665283203125,226.5,398.2799987792969,68.64797973632812,438.07000732421875,121.83790588378906
2026-01-05,267.0101623535156,233.05999755859375,408.760009765625,67.47603607177734,451.6700134277344,124.52996063232422
2026-01-06,262.1147155761719,240.92999267578125,413.17999267578125,67.37671661376953,432.9599914550781,120.24850463867188
2026-01-07,260.08660888671875,241.55999755859375,409.2300109863281,67.07876586914062,431.4100036621094,117.7054443359375
2026-01-08,258.7978515625,246.2899932861328,411.489990234375,68.89627075195312,435.79998779296875,122.09618377685547
2026-01-09,259.1275329589844,247.3800048828125,414.4700012207031,70.02848815917969,445.010009765625,123.78492736816406
2026-01-12,260.0067138671875,246.47000122070312,422.2300109863281,70.0185546875,448.9599914550781,123.2087631225586
2026-01-13,260.8059387207031,242.60000610351562,421.6300048828125,70.75350189208984,447.20001220703125,125.7021484375
2026-01-14,259.71697998046875,236.64999389648438,425.94000244140625,70.95214080810547,439.20001220703125,129.33790588378906
2026-01-15,257.9685974121094,238.17999267578125,423.3299865722656,69.99869537353516,438.57000732421875,128.27500915527344
2026-01-16,255.29112243652344,239.1199951171875,421.2900085449219,69.95896911621094,437.5,129.02996826171875
2026-01-20,246.46937561035156,231.0,437.2300109863281,71.26001739501953,419.25,129.59620666503906
2026-01-21,247.41848754882812,231.30999755859375,443.6000061035156,71.51824188232422,431.44000244140625,132.725341796875
2026-01-22,248.1178436279297,234.33999633789062,451.7900085449219,71.37920379638672,449.3599853515625,132.75514221191406
2026-01-23,247.80812072753906,239.16000366210938,458.0,72.3823013305664,449.05999755859375,134.0763397216797
2026-01-26,255.17123413085938,238.4199981689453,464.70001220703125,72.06448364257812,435.20001220703125,133.9471893310547
2026-01-27,258.0285339355469,244.67999267578125,476.1000061035156,73.0477294921875,430.8999938964844,135.92401123046875
2026-01-28,256.2002868652344,243.00999450683594,494.55999755859375,72.56106567382812,431.4599914550781,136.66905212402344
2026-01-29,258.0385437011719,241.72999572753906,495.8999938964844,72.92854309082031,416.55999755859375,139.57965087890625
2026-01-30,259.2374267578125,239.3000030517578,444.95001220703125,74.29911804199219,430.4100036621094,140.4637451171875
2026-02-02,269.7575988769531,242.9600067138672,427.1300048828125,74.8155746459961,421.80999755859375,137.48361206054688
2026-02-03,269.22808837890625,238.6199951171875,454.2900085449219,76.36491394042969,421.9599914550781,142.7783203125
2026-02-04,276.23150634765625,232.99000549316406,453.9700012207031,76.82176971435547,406.010009765625,146.61276245117188
2026-02-05,275.6520690917969,222.69000244140625,441.8800048828125,77.9738540649414,397.2099914550781,145.11277770996094
2026-02-06,277.8599853515625,210.32000732421875,455.4599914550781,78.49030303955078,411.1099853515625,148.0631103515625
2026-02-09,274.6199951171875,208.72000122070312,467.0299987792969,77.43754577636719,417.32000732421875,150.20880126953125
2026-02-10,273.67999267578125,206.9600067138672,462.3999938964844,76.28546142578125,425.2099914550781,150.58628845214844
2026-02-11,275.5,204.0800018310547,467.6300048828125,78.06324005126953,428.2699890136719,154.52999877929688
2026-02-12,261.7300109863281,199.60000610351562,451.3900146484375,78.46051025390625,417.07000732421875,149.92999267578125
2026-02-13,255.77999877929688,198.7899932861328,462.6199951171875,78.14269256591797,417.44000244140625,148.4499969482422
2026-02-17,263.8800048828125,201.14999389648438,448.20001220703125,79.01667785644531,410.6300048828125,146.19000244140625
2026-02-18,264.3500061035156,204.7899932861328,458.2799987792969,78.94715881347656,411.32000732421875,150.67999267578125
2026-02-19,260.5799865722656,204.86000061035156,459.55999755859375,78.37112426757812,411.7099914550781,150.97000122070312
2026-02-20,264.5799865722656,210.11000061035156,468.6199951171875,79.29476928710938,411.82000732421875,147.27999877929688
2026-02-23,266.17999267578125,205.27000427246094,481.2799987792969,80.00984954833984,399.8299865722656,150.75999450683594
2026-02-24,272.1400146484375,208.55999755859375,474.6099853515625,80.16876220703125,409.3800048828125,149.25999450683594
2026-02-25,274.2300109863281,210.63999938964844,473.4200134277344,79.92047119140625,417.3999938964844,149.05999755859375
2026-02-26,272.95001220703125,207.9199981689453,477.4800109863281,79.95026397705078,408.5799865722656,148.5399932861328
2026-02-27,264.17999267578125,210.0,483.75,81.00302124023438,402.510009765625,152.5
2026-03-02,264.7200012207031,208.38999938964844,490.0,79.67218017578125,403.32000732421875,154.22000122070312
2026-03-03,263.75,208.72999572753906,468.1400146484375,78.79817962646484,392.42999267578125,151.8300018310547
2026-03-04,262.5199890136719,216.82000732421875,471.79998779296875,77.566650390625,405.94000244140625,149.82000732421875
2026-03-05,260.2900085449219,218.94000244140625,466.1300048828125,76.50395965576172,405.54998779296875,150.75999450683594
2026-03-06,257.4599914550781,213.2100067138672,473.510009765625,76.5138931274414,396.7300109863281,151.2100067138672
2026-03-09,259.8800048828125,213.49000549316406,472.5299987792969,77.26870727539062,398.67999267578125,150.44000244140625
2026-03-10,260.8299865722656,214.3300018310547,477.8599853515625,77.34815216064453,399.239990234375,148.1300048828125
2026-03-11,260.80999755859375,212.64999389648438,476.239990234375,77.09986114501953,407.82000732421875,151.5800018310547
2026-03-12,255.75999450683594,209.52999877929688,466.8800048828125,77.08000183105469,395.010009765625,153.52999877929688
2026-03-13,250.1199951171875,207.6699981689453,460.8399963378906,77.33999633789062,391.20001220703125,156.1199951171875
